title,link,snippet,date
Progressive Corp (PGR) Stock Price & News - Google Finance,https://www.google.com/finance/quote/PGR:NYSE,"The Progressive Corporation is an American insurance company. In late 2022, Progressive became the largest motor insurance carrier in the US.",2025-01-02
Host organizations – Policy Fellowship – Google,https://www.google.com/policyfellowship/usa/hosts/,"The Progressive Policy Institute (PPI) is a 501(c)3 non-profit. center left ... progressive politics. Today, PPI is developing fresh proposals for ...",2025-01-02
US9600962B2 - Gaming system with bingo progressive plug-in ...,https://www.google.com/patents/US9600962,A dual mode progressive bingo video gaming system that allows the switching between Class II and Class III gaming rules on a play by play basis and ...,2025-01-02
A63G 15 - Rocking horses on runners adapted for progressive ...,https://www.google.com/patents/sitemap/en/Sitemap/A63/A63G/A63G_15.html,"Patents for A63G 15 - Rocking horses on runners adapted for progressive movement (58). 01/2015. 01/21/2015, CN204107027U 一种多功能组合摇摇马 A versatile ...",2025-01-02
Progressive Corp (PGV) Stock Price & News - Google Finance,https://www.google.com/finance/quote/PGV:FRA,"The Progressive Corporation is an American insurance company. In late 2022, Progressive became the largest motor insurance carrier in the U.S. The company ...",2025-01-02
EP1323314B1 - Transcoding progressive i-slice refreshed mpeg ...,http://www.google.com/patents/EP1323314B1?cl=en,"Progressive I-slice refreshed MPEG data streams are transcoded to I-frame based MPEG data streams to enable trick play modes on a television appliance, ...",2025-01-02
US8955650B2 - Remote control for braking system of progressive ...,https://www.google.com/patents/US8955650,"... progressive cavity pump drive. A sensor measures rotational speed of ... A brake actuator for a progressive cavity pump, the progressive cavity pump ...",2025-01-02
US20040263778A1 - Method for designing progressive addition ...,https://google.com/patents/US20040263778,The invention provides a method for designing progressive surfaces and lenses produced using image blur to construct a merit function.,2025-01-02
US20050012895A1 - Progressive addition power lens - Google ...,https://www.google.com/patents/US20050012895,A system and method for designing a progressive lens are provided. Mean power is specified at points distributed over the entire surface of the lens and ...,2025-01-02
New York anti-Donald Trump bar earmarks profit for progressive ...,http://www.google.com/sorry/index?continue=http://feeds.denverpost.com/~r/dp-business/~3/2X00h2WbNGQ/&q=EgRC-UUIGLymkawGIjCw-nTibvBNT-fTVPqUQYL6aSjS-y8VqbPWJLmoVqLpmD_SwwN7-XFiMRgHrSx6k28yBD4-Y3JaAUM,"Apr 26, 2017 ... ... progressive options like the American Civil Liberties Union or Planned Parenthood. By Deepti Hajela | The Associated Press. UPDATED: April 26 ...",2017-04-27T02:00:16+00:00
Progressive Corp (PGR) Stock Price & News - Google Finance,https://www.google.com/finance/quote/PGR:NYSE,"Get the latest Progressive Corp (PGR) real-time quote, historical performance, charts, and other financial information to help you make more informed ...",2025-01-03,Progressive
Host organizations – Policy Fellowship – Google,https://www.google.com/policyfellowship/usa/hosts/,"The Progressive Policy Institute (PPI) is a 501(c)3 non-profit. center left ... progressive politics. Today, PPI is developing fresh proposals for ...",2025-01-03,Progressive
US9600962B2 - Gaming system with bingo progressive plug-in ...,https://www.google.com/patents/US9600962,A dual mode progressive bingo video gaming system that allows the switching between Class II and Class III gaming rules on a play by play basis and ...,2025-01-03,Progressive
A63G 15 - Rocking horses on runners adapted for progressive ...,https://www.google.com/patents/sitemap/en/Sitemap/A63/A63G/A63G_15.html,"Patents for A63G 15 - Rocking horses on runners adapted for progressive movement (58). 01/2015. 01/21/2015, CN204107027U 一种多功能组合摇摇马 A versatile ...",2025-01-03,Progressive
Progressive Corp (PGV) Stock Price & News - Google Finance,https://www.google.com/finance/quote/PGV:FRA,"The Progressive Corporation is an American insurance company. In late 2022, Progressive became the largest motor insurance carrier in the U.S. The company ...",2025-01-03,Progressive
EP1323314B1 - Transcoding progressive i-slice refreshed mpeg ...,http://www.google.com/patents/EP1323314B1?cl=en,"Progressive I-slice refreshed MPEG data streams are transcoded to I-frame based MPEG data streams to enable trick play modes on a television appliance, ...",2025-01-03,Progressive
US8955650B2 - Remote control for braking system of progressive ...,https://www.google.com/patents/US8955650,"... progressive cavity pump drive. A sensor measures rotational speed of ... A brake actuator for a progressive cavity pump, the progressive cavity pump ...",2025-01-03,Progressive
US20040263778A1 - Method for designing progressive addition ...,https://google.com/patents/US20040263778,The invention provides a method for designing progressive surfaces and lenses produced using image blur to construct a merit function.,2025-01-03,Progressive
US20050012895A1 - Progressive addition power lens - Google ...,https://www.google.com/patents/US20050012895,A system and method for designing a progressive lens are provided. Mean power is specified at points distributed over the entire surface of the lens and ...,2025-01-03,Progressive
New York anti-Donald Trump bar earmarks profit for progressive ...,http://www.google.com/sorry/index?continue=http://feeds.denverpost.com/~r/dp-business/~3/2X00h2WbNGQ/&q=EgRC-UUIGLymkawGIjCw-nTibvBNT-fTVPqUQYL6aSjS-y8VqbPWJLmoVqLpmD_SwwN7-XFiMRgHrSx6k28yBD4-Y3JaAUM,"Apr 26, 2017 ... ... progressive options like the American Civil Liberties Union or Planned Parenthood. By Deepti Hajela | The Associated Press. UPDATED: April 26 ...",2017-04-27T02:00:16+00:00,Progressive
