year,file,company
2023,2023_Priority Health (HMO).pdf,Corewell Health
2023,"2023_Priority Health Choice, Inc. .pdf",Corewell Health
2023,2023_Priority Health Insurance Co. (PPO).pdf,Corewell Health
2023,2023_Privilege Underwriters Recp Exch.pdf,TMHD
2023,2023_ProAssurance Group .pdf,Y/N
2023,2023_Prominence HealthFirst.pdf,Company
2023,2023_Providence Health Plan.pdf,PHP
2023,2023_Providence Hlth Assur.pdf,PHP
2023,2023_Puritan Life Insurance Company of America.pdf,PLICA
2023,2023_Radian Guaranty Inc.pdf,TCFD
2023,2023_Reliance Standard Life Ins Co.pdf,TMHD
2023,2023_Renaissance Life & Hlth Ins Co of Am.pdf,Company
2023,2023_Republic Mortgage Insurance Company.pdf,ESG
2023,"2023_Riverstone International Insurance, Inc. (Formerally Electric Insurance Company.pdf",Company
2023,2023_Rock Ridge Insurance Company.pdf,Company
2023,2023_Root Ins Co.pdf,CAT
2023,2023_Root Prop & Cas Ins Co.pdf,CAT
2023,2023_Royal Neighbors of America.pdf,Society
2023,2023_SELECTIVE INS .pdf,ERM
2023,2023_SELECTIVE INS _1.pdf,ERM
2023,2023_SELECTIVE INS _2.pdf,ERM
2023,2023_SFM Mut Ins Co.pdf,Y/N
2023,2023_SILAC Insurance Company.pdf,Company
2023,2023_SUNZ Ins Co.pdf,SUNZ Insurance
2023,2023_Safepoint Ins Co.pdf,Y/N
2023,2023_Safety Natl Cas Corp.pdf,TMHD
2023,2023_Safeway Insurance Company.pdf,Safeway
2023,2023_Sagicor Life Ins Co.pdf,ERM
2023,2023_Saif Corporation.pdf,SAIF
2023,2023_Sammons Financial Group.pdf,Company
2023,2023_Sammons Financial Group_1.pdf,Company
2023,2023_Samsung Fire & Marine Ins Co Ltd.pdf,Unknown
2023,2023_Seaview Ins Co.pdf,Company
2023,2023_Security Benefit Life Ins Co.pdf,Company
2023,2023_Security Mutual Life Insurance Comopany of New York.pdf,Company
2023,2023_Security National Life Insurance Company.pdf,SNL
2023,2023_Security Natl Ins Company.pdf,Company
2023,"2023_SelectHealth, Inc. .pdf",Te TS
2023,2023_Selective Insurance Company of New York.pdf,ERM
2023,2023_Seneca Ins Co Inc.pdf,Company
2023,2023_Senior Life Ins Co.pdf,Company
2023,2023_Senior Whole Hlth of NY Inc.pdf,TCFD
2023,2023_Sentinel Security Life Ins Co.pdf,Company
2023,2023_Sentruity Cas Co.pdf,Response
2023,2023_Sentry Cas Co.pdf,Sentry
2023,2023_Sentry Ins Co.pdf,Sentry
2023,2023_Sentry Life Ins Co.pdf,Sentry
2023,2023_Sentry Select Ins Co.pdf,Sentry
2023,2023_Sequoia Ins Co.pdf,Company
2023,2023_ShelterPoint Life Ins Co.pdf,ShelterPoint
2023,2023_Silver Oak Casualty Inc. .pdf,AMERISAFE
2023,2023_SiriusPoint Amer Ins Co.pdf,Redesigned State Climate Risk Disclosure Survey
2023,"2023_Society Insurance, a mutual company.pdf",Society
2023,2023_Southern Farm Bureau Life Ins Co.pdf,the ERM Committee
2023,2023_Standard Guaranty Insurance Company.pdf,Assurant
2023,2023_Standard Ins Co.pdf,Standard
2023,2023_Standard Life Ins Co Of NY.pdf,Standard
2023,2023_Standard Security Life Ins Co Of NY.pdf,TMHD
2023,2023_Starr Ind & Liab Co.pdf,Company
2023,2023_Starr Specialty Ins Co.pdf,Company
2023,2023_State Compensation Ins Fund.pdf,State Fund
2023,2023_State Mutual Insurance Company.pdf,the board and/or committee
2023,2023_State Natl Ins Co Inc.pdf,Company
2023,2023_State Volunteer Mut Ins Co.pdf,the board and/or committee
2023,2023_Stewart Tiitle Insurance Company.pdf,ESG
2023,2023_Stewart Title Guar Co.pdf,ESG
2023,2023_Stillwater Prop & Cas Ins Co.pdf,Company
2023,2023_Sublimity Ins Co.pdf,SIC
2023,2023_Sumitomo Life Insurance Group.pdf,Symetra
2023,2023_Sutton National Ins Co.pdf,Company
2023,2023_Swiss Re Group.pdf,GHG
2023,2023_Swiss Re Group_1.pdf,GHG
2023,2023_Talcott Resolution Life & Ann Ins Co.pdf,ESG
2023,2023_Talcott Resolution Life Ins Co.pdf,ESG
2023,2023_Technology Ins Co Inc.pdf,Company
2023,2023_Texas Life Insurance Company .pdf,Company
2023,2023_The American Home Life Insurance Company.pdf,"The American Home Life Insurance Company
NAIC #60542"
2023,2023_The Beacon Mutual Insurance Company.pdf,Company
2023,2023_The Cincinnati Insurance Group .pdf,RMS
2023,2023_The Harford Mutual Insurance Group.pdf,Y/N
2023,2023_The MEMIC Group.pdf,Company
2023,2023_The MEMIC Group_1.pdf,Company
2023,2023_The Savings Bank Mut Life Ins Co of .pdf,ERM
2023,2023_The Union Labor Life Insurance company.pdf,Company
2023,2023_The Variable Annuity Life Insurance Company.pdf,the Corebridge Insurers
2023,2023_Thrivent Financial For Lutherans.pdf,Thrivent
2023,2023_Title Resources Guar Co.pdf,Title Resources Guaranty Company
2023,2023_Tokio Marine Amer Ins Co.pdf,TMHD
2023,2023_Tower Hill Prime Ins Co.pdf,the board and/or committee
2023,2023_Toyota Motor Ins Co.pdf,Toyota Motor Insurance Company's
2023,2023_Traders Insurance Company.pdf,Company
2023,2023_Trans-Oceanic Life Insurance Co.pdf,the board and/or committee
2023,2023_Trexis Ins Corp.pdf,Trexis
2023,2023_Triangle Ins Co Inc.pdf,Triangle
2023,2023_Triple S Management .pdf,TSM
2023,2023_Triple S Management.pdf,TSM
2023,2023_TruStage.pdf,Company
2023,2023_UPMC Health System Group.pdf,ISD
2023,2023_UPMC Health System Group_1.pdf,ISD
2023,2023_UPMC Health System Group_2.pdf,ISD
2023,2023_UPMC Health System Group_3.pdf,ISD
2023,2023_UPMC Health System Group_4.pdf,ISD
2023,2023_UPMC Health System Group_5.pdf,ISD
2023,2023_UPMC Health System Group_6.pdf,ISD
2023,2023_UPMC Health System Group_7.pdf,ISD
2023,2023_UPMC Health System Group_8.pdf,ISD
2023,2023_US Health and Life Insurance Company.pdf,Ascension
2023,2023_USAA Group.pdf,USAA
2023,2023_USAble Life.pdf,the board and/or committee
2023,"2023_Umpqua Health Alliance, LLC.pdf",UHA
2023,2023_Union Mut Fire Ins Co.pdf,BOD
2023,2023_United Automobile Insurance Company.pdf,Y/N
2023,2023_United Farm Family Ins Co.pdf,Company
2023,2023_United Farm Family Life Ins Co.pdf,Company
2023,2023_United Fire & Cas Co.pdf,UFG
2023,2023_United Guar Residential Ins Co.pdf,ESG
2023,2023_United Heritage Life Ins Co.pdf,UHLIC
2023,2023_United Security Insurance Company.pdf,Company
2023,2023_United States Fire Ins Co.pdf,Company
2023,2023_United States Life Insurance Company in the City of New York.pdf,the Corebridge Insurers
2023,2023_Unity Financial Life Ins Co.pdf,TCFD
2023,2023_Universal Group Inc..pdf,UGI
2023,2023_Universal Property & Casualty Insurance Company.pdf,UPCIC
2023,2023_University Hlth Alliance.pdf,UHA
2023,2023_University of MI Health Group.pdf,the board and/or committee
2023,2023_University of MI Health Group_1.pdf,the board and/or committee
2023,2023_University of MI Health Group_2.pdf,the board and/or committee
2023,2023_Upper Peninsula Hlth Plan LLC.pdf,UPHP
2023,2023_Utica First Ins Co.pdf,NAIC #15326
2023,2023_Utica National Insurance Group.pdf,Company
2023,2023_VOYA FINANCIAL GRP.pdf,ESG
2023,2023_Vermont Blue Advantage Inc.pdf,Y/N
2023,2023_Viking Ins Co Of WI.pdf,Sentry
2023,2023_Virginia Surety Co Inc.pdf,Assurant
2023,2023_Voyager Indemnity Insurance Company.pdf,Assurant
2023,2023_WFG Natl Title Ins Co.pdf,the board and/or committee
2023,2023_WILAC Life Insurance Company.pdf,Company
2023,2023_Wawanesa Gen Ins Co.pdf,¥
2023,2023_Wesco Ins Co.pdf,Company
2023,2023_West Bend Insurance Company.pdf,ERM
2023,2023_Westcor Land Title Ins Co.pdf,Westcor Land Title Insurance Company NAIC #50050
2023,2023_Western National Insurance Group.pdf,the board and/or committee
2023,2023_Western National Insurance Group_1.pdf,the board and/or committee
2023,2023_Western National Insurance Group_2.pdf,the board and/or committee
2023,2023_Western National Insurance Group_3.pdf,the board and/or committee
2023,2023_William Penn Life Ins Co Of NY.pdf,Group
2023,2023_Wilton Reassurance Life Company of New York.pdf,Company
2023,2023_Wisconsin Mut Ins Co.pdf,Company
2023,2023_Wright Natl Flood Ins Co.pdf,ESG
2023,"2023_Yamhill County Care Organization, Inc..pdf",Yamhill Community Care
2023,2023_ZNAT Insurance Company.pdf,Zenith
2023,2023_Zenith Insurance Company.pdf,Zenith
2023,2023_iCircle Serv of the Finger Lakes Inc.pdf,the board and/or committee
2023,2023_Aetna Health Inc. (NJ).pdf,the board and/or committee
2023,2023_Aflac Incorporated.pdf,Company
2023,2023_Aflac Incorporated_1.pdf,Company
2023,2023_Aflac Incorporated_2.pdf,Company
2023,2023_Agency Ins Co Of MD Inc.pdf,AIC
2023,2023_Alaska National Insurance Company.pdf,Company
2023,2023_AllCare CCO Inc.pdf,AllCare
2023,"2023_Alliant National Title Insurance Company, Inc..pdf",Company
2023,2023_Aloha Care.pdf,Board
2023,2023_AmTrust Ins Co.pdf,Company
2023,2023_Amalgamated Life Insurance Company.pdf,Company
2023,2023_American Alliance Cas Co.pdf,the board and/or committee
2023,2023_American Bankers Ins Co Of FL.pdf,Assurant
2023,2023_American Bankers Life Assurance Company of Florida.pdf,Assurant
2023,"2023_American Enterprise Group, Inc..pdf",ERM
2023,2023_American Fidelity Assur Co.pdf,GHG
2023,2023_American Gen Life Ins Co.pdf,the Corebridge Insurers
2023,2023_American Interstate Ins Co.pdf,AMERISAFE
2023,"2023_American Interstate Insurance Company of Texas, Inc. .pdf",AMERISAFE
2023,2023_American Life & Security Corp.pdf,the board and/or committee
2023,2023_American Nat Life Ins Co of NY.pdf,Company
2023,2023_American Natl Gen Ins Co.pdf,Company
2023,2023_American Natl Ins Co.pdf,Company
2023,2023_American Natl Prop & Cas Co.pdf,Company
2023,2023_American Pet Insurance Company.pdf,Trupanion
2023,2023_American Reliable Ins Co.pdf,Group
2023,2023_American Road Ins Co.pdf,TARIC
2023,2023_American Security Ins Co.pdf,Assurant
2023,2023_American Steamship Owners Mutual Protection & Indemnity Association Inc..pdf,Association
2023,2023_American Summit Insurance Company.pdf,KCC
2023,2023_American Transit Ins Co.pdf,Company
2023,2023_American Underwriters Insurance Company.pdf,Company
2023,2023_Amex Assur Co.pdf,Y/N
2023,2023_Anthem Blue Cross Life & Health Insurance Company.pdf,ERM
2023,2023_Anthem Blue Cross Life & Health Insurance Company_1.pdf,ERM
2023,2023_Anthem Blue Cross Life & Health Insurance Company_2.pdf,ERM
2023,2023_Anthem Blue Cross Life & Health Insurance Company_3.pdf,ERM
2023,2023_Anthem Blue Cross Life & Health Insurance Company_4.pdf,ERM
2023,2023_Anthem Blue Cross Life & Health Insurance Company_5.pdf,ERM
2023,2023_Apollo Global Management Group.pdf,AAIC
2023,2023_Apollo Global Management Group_1.pdf,ASIC
2023,2023_Applied Medico Legal Solutions RRG .pdf,Company
2023,2023_Arch Ins Co.pdf,ESG
2023,2023_Arch Mortgage Guaranty Insurance Company.pdf,ESG
2023,2023_Arch Specialty Ins Company.pdf,ESG
2023,2023_Argonaut Ins Co.pdf,ESG
2023,2023_Arizona Dental Ins Serv Inc.pdf,the board and/or committee
2023,2023_Aspida Life Ins Co.pdf,Company
2023,2023_Aspire Gen Ins Co.pdf,Company
2023,2023_Associated Industries Of MA Mut Ins.pdf,ESG
2023,2023_Assured Guar Municipal Corp.pdf,Company
2023,2023_Assurity Life Ins Co.pdf,Assurity
2023,2023_Ategrity Specialty Ins Co.pdf,Ategrity
2023,2023_Atlantic Coast Life Ins Co.pdf,Company
2023,2023_Atradius Trade Credit Ins Co.pdf,Atradius
2023,2023_Auto Club Enterprises Insurance Group.pdf,Company
2023,2023_Auto Club Insurance Association and its Affiliates.pdf,Company
2023,2023_Auto-Owners Insurance.pdf,Y/N
2023,2023_Axis Ins Co.pdf,AXIS
2023,2023_BCBS of AZ Inc.pdf,BCBSAZ
2023,2023_BCBS of ND.pdf,Board
2023,2023_BCBS of RI.pdf,the board and/or committee
2023,2023_BCBSM Inc.pdf,Blue Cross
2023,2023_BCS Financial Corporation.pdf,Company
2023,2023_Badger Mut Ins Co.pdf,Company
2023,2023_Baltimore Life Ins Co.pdf,ESG
2023,2023_Bankers Fidelity Life Insurance.pdf,ESG
2023,2023_Banner Life Ins Co.pdf,Group
2023,2023_Beazley Group.pdf,Beazley
2023,2023_Benchmark Ins Co.pdf,Insurer
2023,2023_Berkshire Hathaway group of insurance companies.pdf,Group
2023,2023_Blue Cross Blue Shield of Massachusetts.pdf,BCBSMA
2023,2023_Blue Cross Blue Shield of Massachusetts_1.pdf,BCBSMA
2023,2023_Blue Cross Blue Shield of Michigan.pdf,BCBSM
2023,2023_Blue Cross and Blue Shield of Vermont.pdf,Blue Cross
2023,2023_Blue Shield of CA Life & Hlth Ins Co.pdf,Blue Shield
2023,2023_Boston Medical Center Hlth Plan Inc.pdf,BMC
2023,2023_Boston Mutual Life Insurance Co..pdf,the board and/or committee
2023,2023_Branch Ins Exchange.pdf,the board and/or committee
2023,2023_Brethren Mut Ins Co.pdf,Y/N
2023,2023_Brighthouse Financial Inc..pdf,ESG
2023,2023_Brotherhood Mut Ins Co.pdf,Company
2023,2023_Builders Mut Ins Co.pdf,the board and/or committee
2023,"2023_CHA Holding, Inc. .pdf",Carle Health
2023,"2023_CHA Holding, Inc..pdf",Carle Health
2023,2023_CL Life & Ann Ins Co.pdf,CL Life
2023,2023_CSAA Insurance Group.pdf,CSAA Insurance Group
2023,2023_CVS HEALTH GROUP.pdf,the board and/or committee
2023,2023_CVS Health Grou.pdf,the board and/or committee
2023,2023_Cambia Health Solutions.pdf,TCFD
2023,2023_Canal Ins Co.pdf,Canal
2023,2023_Capital Blue Cross.pdf,Company
2023,2023_Capital Blue Cross_1.pdf,Company
2023,2023_Capital Blue Cross_2.pdf,Company
2023,2023_Capital Blue Cross_3.pdf,Company
2023,2023_Capitol Life Ins Co.pdf,the board and/or committee
2023,"2023_Carle Holding, Inc. .pdf",Carle Health
2023,"2023_Carle Holding, Inc. _1.pdf",Carle Health
2023,2023_Cascade Hlth Alliance LLC.pdf,CCC
2023,2023_Caterpillar Ins Co.pdf,Caterpillar
2023,2023_Cherokee Ins Co.pdf,Company
2023,2023_Chesapeake Employers Ins  Co .pdf,Chesapeake Employers’ Insurance Company
2023,2023_Cigna Group.pdf,The Cigna Group
2023,2023_Citizens United Reciprocal Exchange.pdf,CURE
2023,2023_Clear Blue Insurance Company.pdf,Company
2023,2023_Clear Spring Health Insurance Company.pdf,Company
2023,2023_Clear Spring Life and Annuity Company.pdf,Company
2023,2023_Clear Spring Property and Casualty Company.pdf,Company
2023,2023_Clearcover Insurance Company.pdf,the board and/or committee
2023,2023_Clover Ins Co.pdf,CMS
2023,2023_Co-operative Insurance Companies.pdf,Company
2023,2023_Coface North America Insurance Company.pdf,the board and/or committee
2023,2023_Colorado Access.pdf,the board and/or committee
2023,2023_Columbian Financial Group.pdf,FG
2023,2023_Columbian Financial Group_1.pdf,FG
2023,2023_Community Health Plan of Washington.pdf,CHPW
2023,2023_Companion Life Ins Company of California.pdf,CLCA
2023,2023_Continental Gen Ins Co.pdf,Company
2023,2023_Copic Ins Co.pdf,the board and/or committee
2023,2023_CorePointe Ins Co.pdf,Company
2023,2023_Country Mut Ins Co.pdf,Company
2023,2023_Courtesy Insurance Company.pdf,Y/N
2023,2023_Crum & Forster Ind Co.pdf,Company
2023,2023_Crum and Forster Insurance Company.pdf,Company
2023,2023_Cumberland Insurance Group.pdf,ESG
2023,"2023_DB Insurance Co., Ltd. (U.S. Branch).pdf",ESG
2023,2023_DHI Title Ins Co.pdf,GHG
2023,2023_Dairyland County Mutual Insurance Company of Texas.pdf,Sentry
2023,2023_Dairyland Ins Co.pdf,Sentry
2023,2023_Dealers Assur Co.pdf,the board and/or committee
2023,2023_Delaware Life Insurance Company.pdf,Company
2023,"2023_Delta Dental Plan of Michigan, Inc..pdf",Company
2023,2023_Delta Dental of CO.pdf,the board and/or committee
2023,2023_Delta Dental of Illinois.pdf,Response
2023,2023_Delta Dental of MN.pdf,Company
2023,2023_Delta Dental of NJ Inc.pdf,the board and/or committee
2023,2023_Delta Dental of Washington.pdf,the board and/or committee
2023,2023_Dental Serv of MA Inc.pdf,Company
2023,2023_Denver Hlth Medical Plan Inc.pdf,the board and/or committee
2023,2023_Doma Title Ins Inc.pdf,Company
2023,2023_Dorinco Reinsurance Company.pdf,Dow
2023,2023_ELCO Mutual.pdf,ELCO
2023,2023_EMBLEMHEALTH.pdf,Y/N
2023,2023_Edison Ins Co.pdf,Edison
2023,2023_Educators Hlth Plans Life Accident &.pdf,EMI Health
2023,"2023_Elderplan, Inc..pdf",the board and/or committee
2023,2023_Elephant Ins Co.pdf,Company
2023,2023_EmPRO Insurance Company.pdf,Y/N
2023,2023_Empower Annuity Insurance Company of America.pdf,EAICA
2023,2023_Empower Annuity Insurance Company.pdf,EAIC
2023,2023_Empower Life & Annuity Insurance Company of New York.pdf,EAICA
2023,2023_Enumclaw Insurance Group.pdf,Company
2023,2023_Equitrust Life Ins Co.pdf,Company
2023,2023_Equity Ins Co.pdf,the board and/or committee
2023,2023_Erie & Niagra Ins Assoc.pdf,Company
2023,2023_Essent Guar Inc.pdf,the board and/or committee
2023,2023_Essentia Ins Co.pdf,Y/N
2023,"2023_Everest Group, Ltd..pdf",GHG
2023,"2023_Everest Group, Ltd._1.pdf",GHG
2023,"2023_Everest Group, Ltd._2.pdf",GHG
2023,"2023_Everest Group, Ltd._3.pdf",GHG
2023,2023_Excellus Hlth Plan Inc.pdf,the board and/or committee
2023,2023_FCCI Insurance Group.pdf,FCCI
2023,2023_FCCI Insurance Group_1.pdf,FCCI
2023,2023_FCCI Insurance Group_2.pdf,FCCI
2023,2023_FM Global Group.pdf,GHG
2023,2023_Fairfax Financial Holdings Limited.pdf,Allied World
2023,2023_Falcon Ins Co.pdf,Falcon Insurance Company
2023,2023_Fallon Comm Hlth Plan Inc.pdf,ERM
2023,2023_Farm Family Cas Ins Co.pdf,Company
2023,2023_Farmers Insurance Group.pdf,Farmers
2023,2023_Farmers Mutual Hail Insurance Group.pdf,FMH
2023,2023_Farmers Mutual Hail Insurance Group_1.pdf,FMH
2023,2023_Farmers New World Life Ins Co.pdf,Farmers
2023,2023_Federated Mutual Group.pdf,Federated
2023,2023_Federated Rural Electric Insurance Exchange.pdf,Company
2023,2023_Fidelity & Guaranty Life Insurance Company of New York.pdf,F&G
2023,2023_Fidelity & Guaranty Life Insurance Company.pdf,F&G
2023,2023_Fidelity Investments Life Ins Co.pdf,Fidelity
2023,2023_Fidelity Life Assn A Legal Reserve L.pdf,ERM
2023,2023_Fidelity Security Life Ins Co.pdf,Company
2023,2023_First Acceptance Ins Co Inc.pdf,Company
2023,2023_First Chicago Ins Co.pdf,Company
2023,"2023_First Medical Health Plan, Inc.pdf",Board
2023,2023_First National Title Insurance Company.pdf,Company
2023,2023_First Reliance Standard Life Ins Co.pdf,TMHD
2023,2023_Frankenmuth Insurance Company.pdf,Fl
2023,2023_Funeral Directors Life Ins Co.pdf,the board and/or committee
2023,2023_GBU Financial Life.pdf,GBU
2023,2023_General Security National Insurance Company.pdf,SCOR
2023,2023_Generali Us Branch.pdf,GHG
2023,2023_Genworth.pdf,ESG
2023,2023_Gleaner Life Ins Society.pdf,Society
2023,"2023_Global Indemnity Group, LLC.pdf",ERM
2023,2023_Globe Life Inc..pdf,Company
2023,2023_Golden Bear Ins Co.pdf,Golden Bear Insurance Company
2023,2023_Goodville Mut Cas Co.pdf,the board and/or committee
2023,2023_Government Personnel Mut Life Ins Co.pdf,GPM
2023,2023_Grange Ins Assn.pdf,GIA
2023,2023_Grange Mutual Holding Company.pdf,Grange
2021,2022_Preferred-Mutual-Insurance Company_TCFD.pdf.pdf,Company
2021,2022_SiriusPoint_TCFD.pdf.pdf,Company
2021,2022_Star-Insurance-Company_TCFD.pdf.pdf,AmeriTrust
2021,2022_TIAA-CREF Life Insurance Company_TCFD.pdf.pdf,TIAA
2021,2022_Teachers Insurance and Annuity Association of America_TCFD.pdf.pdf,TIAA
2021,2022_Thrivent_NAIC_Climate.pdf.pdf,Thrivent
2021,2022_Tokio Marine Holdings_Integrated_Report and 2021_Tokio Marine_Sustainability report.pdf.pdf,Group
2021,2022_United Fire & Casualty Company_TCFD.pdf.pdf,UFG
2021,2022_UticaFirstInsurance_TCFD.pdf.pdf,Utica First
2021,2022_Western-United-Life-Assurance-Company_TCFD.pdf.pdf,NAIC Climate Risk Disclosure Survey 2022
2021,2022_iA-Financial-Group_DFR Default blank document (003).pdf.pdf,TCFD
2021,A-CAP Climate Risk Survey Responses for Reporting Year 2021- A-CAP SUBMITTED.pdf.pdf,Company
2021,ALAS NAIC Climate Risk Disclosure Survey FY 2021 (2022 submission).pdf.pdf,Company
2021,API - Sustainability Report 2021 Final.pdf.pdf,Club
2021,APIC CA Climate Risk Survey (Final).pdf.pdf,Trupanion
2021,ATTACHMENT A - Initiatives to Address Climate Change.pdf.pdf,Nippon Life
2021,Agency_20211231_ModelingResults.pdf.pdf,v18.2 - Losses Net
2021,Arch-TCFD-2021.pdf.pdf,ESG
2021,Arch-TCFD-2021final042022.pdf.pdf,ESG
2021,Atradius_NAIC25422_StateClimateRiskDisclosureSurvey_2021.pdf.pdf,TCFD
2021,Attachment 2A.pdf.pdf,Company
2021,Berkshire Hathaway group of insurance companies - Climate Risk Disclosure Surveyv12.pdf.pdf,Group
2021,Berkshire Hathaway group of insurance companies - Climate Risk Disclosure Surveyvf.pdf.pdf,Group
2021,Brotherhood 2022 Sustainability Report.pdf.pdf,Company
2021,CCIE Climate Risk Survey 2021_Final.pdf.pdf,¥
2021,CINF 2021 TCFD FINAL.pdf.pdf,RMS
2021,Climate Change Survey 2022 Excel Format FINAL 11.29.pdf.pdf,Ascot
2021,Climate Risk Disclosure Survey 2022.pdf.pdf,Company
2021,Climate Risk Disclosure_Goodville_12 15 2022.pdf.pdf,the board and/or committee
2021,Climate Risk Survey - FINAL 11.28.22.pdf.pdf,CareFirst
2021,Climate Risk Survey Form.pdf.pdf,Apollo
2021,Climate Survey- Final Response for Submission to NAIC 11292022 - FINAL.pdf.pdf,WellSense
2021,Environmental-Statement-Final11-10-2022.pdf.pdf,ProAssurance
2021,Erie Insurance Group-TCFD Report RY 2021.pdf,ERIE
2021,Final version of NAIC Survey Response -For Submission - Wawanesa General 10683.pdf.pdf,Wawanesa
2021,HIG_2022_TCFD_FINAL.pdf.pdf,ESG
2021,INSURER CLIMATE RISK SURVEY-2021.pdf.pdf,Company
2021,MM_NAIC climate survey_2021 reporting year.pdf.pdf,Y/N
2021,MetLife_ NAIC Climate Risk Survey_FINAL.pdf.pdf,MIM
2021,NAIC Climate Risk Survey SNCC final v2.pdf.pdf,TMHD
2021,NAIC Climate Risk Survey v2.pdf.pdf,TMHD
2021,NAIC Climate Survey Cover 11 30 22.pdf.pdf,Company
2021,Pacific Life NAIC Climate Risk Survey Response_Nov2022_Final.pdf.pdf,Pacific Life
2021,Protective Life 2021 Reporting Year NAIC Climate Risk Disclosure Survey Responses FINAL.pdf.pdf,Y/N
2021,Root_Inc_2022_ESG_Report (3).pdf.pdf,ROO Inc
2021,State Fund Climate Risk Survey Reporting Year 2021.pdf.pdf,State Fund
2021,TCDF Climate Disclosure 2022 MMG Insurance Company.pdf.pdf,MMG
2021,TCFD 2022_Climate Risk Survey.pdf.pdf,Lincoln
2021,TCFD-Report-Filed.Final.pdf.pdf,Company
2021,Task force on Climate-related Financial Disclosures - 2021 Annual Report disclosure.pdf.pdf,Group
2021,USAA Group - Graph.pdf.pdf,Scope 1
2021,aig-esg-report_2021.pdf.coredownload.pdf.pdf,AIG
2022,2022 TCFD Companion Life.pdf.pdf,CLCA
2022,2022_0586.pdf,CRO
2022,2022_0761.pdf,Allianz
2022,2022_1192.pdf,Carle Health
2022,2022_AFLAC Grp.pdf,Company
2022,2022_AMERICAN FAMILY INS GRP.pdf,AmFam Group
2022,2022_AMERICAN INTL GRP.pdf,AIG
2022,2022_AMERICAN INTL GRP_1.pdf,AIG
2022,2022_AMERSURE COMPANY GROUP.pdf,ERM
2022,2022_AMICA MUT GRP_1.pdf,ESG
2022,2022_ARI Ins Co.pdf,Company
2022,2022_AXA INS GRP.pdf,AXA
2022,"2022_Acuity, A Mutual Insurance Co.pdf",Company
2022,2022_Advantage Capital Holdings LLC.pdf,Company
2022,2022_Aegon US Holding Grp.pdf,Y/N
2022,2022_Aegon US Holding Grp_1.pdf,Y/N
2022,2022_Aetna Inc A CVS Health Company.pdf,Company
2022,2022_Aflac Incorporated.pdf,Company
2022,2022_Agency Ins Co Of MD Inc.pdf,AIC
2022,2022_Allstate Insurance Group.pdf,Allstate
2022,2022_AmTrust Ins Co.pdf,Company
2022,2022_American Amicable Life Ins Co Of TX.pdf,Financial Group
2022,2022_American Interstate Ins Co.pdf,AMERISAFE
2022,2022_American Pet Insurance Company.pdf,Trupanion
2022,2022_American Steamship Owners Mutual Protection & Indemnity Association Inc..pdf,Club
2022,2022_American United Life Ins Co.pdf,Company
2022,2022_Ameriprise Fin Grp.pdf,RiverSource
2022,2022_Anthem Blue Cross Life & Health Insurance Company.pdf,¥
2022,2022_Anthem Blue Cross Life & Health Insurance Company_1.pdf,TCFD
2022,2022_Apollo Global Mgmt Grp.pdf,Apollo
2022,2022_Arch Indemnity Insurance Company.pdf,ESG
2022,2022_Arch Insurance Company.pdf,ESG
2022,2022_Arch MOrtgage Insurance Company.pdf,ESG
2022,2022_Arch Specialty Insurance Company.pdf,ESG
2022,2022_Ascot Ins Co.pdf,Ascot
2022,"2022_Assurant, Inc..pdf",Assurant
2022,2022_Assured Guaranty Municipal Corp.pdf,Company
2022,2022_Assurity Life Ins Co.pdf,Assurity
2022,2022_Atain Specialty insurance Company.pdf,Company
2022,"2022_Atradius Trade Credit Ins, Inc.pdf",TCFD
2022,"2022_Attorneys' Liability Assurance Society Ltd., A Risk Retention Group.pdf",Company
2022,2022_Auto Club Insurance Association and its Affiliates.pdf,Company
2022,2022_Axis Ins Co.pdf,AXIS
2022,2022_BCBS OF MI GRP.pdf,AmeriTrust
2022,2022_BCBS OF MI GRP_1.pdf,Y/N
2022,2022_Banner Life Ins Co.pdf,LGA
2022,2022_Beazley Group.pdf,Beazley
2022,2022_Berkshire Hathaway group of insurance companies.pdf,Group
2022,2022_Blue Cross Blue Shield of Minnesota.pdf,Blue Cross
2022,2022_Blue Cross Blue Shield of Vermont.pdf,Blue Cross
2022,2022_Blue Shield of California Life & Health Insurance Company.pdf,TCFD
2022,2022_Brotherhood Mut Ins Co.pdf,Company
2022,2022_CENTENE CORP GRP.pdf,Company
2022,2022_CENTRAL MUT INS CO GRP.pdf,Y/N
2022,2022_CINCINNATI FIN GRP.pdf,RMS
2022,2022_CNA INS GRP.pdf,CNA
2022,2022_CNO Financial Grp.pdf,CNO
2022,2022_COUNTRY Investors Life Assurance Company.pdf,Company
2022,2022_COUNTRY Life Insurance Company.pdf,Company
2022,2022_COUNTRY Mutual Insurance Company.pdf,Company
2022,2022_COUNTRY Preferred Insurance Company.pdf,Company
2022,2022_CSAA Insurance Group.pdf,CSAA Insurance Group
2022,2022_Cambia Health Solutions Inc.pdf,Y/N
2022,2022_Chubb Ltd Grp.pdf,Chubb
2022,2022_Chubb Ltd Grp_1.pdf,Chubb
2022,2022_Church Mut Grp.pdf,Church Mutual
2022,2022_Cigna Group.pdf,The Cigna Group
2022,2022_Clear Spring Hlth Ins Co.pdf,Company
2022,2022_Clear Spring Life & Ann Co.pdf,Company
2022,2022_Clear Spring Prop & Cas Co.pdf,Company
2022,2022_Clearcover Insurance Company.pdf,the board and/or committee
2022,2022_Co-operative Insurance Companies.pdf,Company
2022,2022_Coface North America Insurance Company.pdf,Group
2022,2022_Community Health Network of Washington .pdf,CHPW
2022,2022_Cooperativa D Seguros Multiples PR.pdf,CSM
2022,2022_CorePointe Ins Co.pdf,Company
2022,2022_Crown Global Ins Co of Amer.pdf,Crown
2022,2022_Dai-ichi Life Holdings Inc Grp.pdf,Y/N
2022,2022_Delaware Life Ins Co.pdf,Company
2022,2022_EMBLEMHEALTH .pdf,Y/N
2022,"2022_Elderplan, Inc..pdf","Elderplan, Inc."
2022,2022_EmPRO Insurance Company.pdf,Y/N
2022,2022_Employers Holdings Grp.pdf,Company
2022,2022_Equitable Holdings Inc Grp.pdf,Equitable
2022,"2022_Everest  Group, Ltd..pdf",ESG
2022,2022_Everlake Holdings Grp.pdf,Blackstone
2022,2022_FAIRFAX FIN GRP.pdf,Company
2022,2022_FAIRFAX FIN GRP_1.pdf,Company
2022,2022_Falcon Ins Co.pdf,Falcon Insurance Company
2022,2022_Fallon Comm Hlth Plan Inc.pdf,Fallon Health
2022,2022_Farmers New World Life Ins Co.pdf,Farmers
2022,2022_Fidelity & Guaranty Life Insurance Company of New York.pdf,F&G
2022,2022_Fidelity & Guaranty Life Insurance Company.pdf,F&G
2022,2022_First Medical Health Plan.pdf,Board
2022,2022_First Penn-Pacific Life Insurance Company.pdf,Lincoln
2022,2022_General Security Natl Ins Co.pdf,SCOR
2022,2022_Genworth.pdf,ESG
2022,2022_Globe Life Inc..pdf,Company
2022,2022_Golden Bear Ins Co.pdf,ERM
2022,2022_Golden Gate Capital.pdf,Nassau
2022,2022_Golden Gate Capital_1.pdf,Nassau
2022,2022_Golden Gate Capital_2.pdf,Nassau
2022,2022_Goodville Mut Cas Co.pdf,the board and/or committee
2022,2022_Grange Mutual Holding Company.pdf,Grange
2022,2022_Great American Insurance Group.pdf,AFG
2022,2022_Guardian Life Insurance of America.pdf,Guardian
2022,2022_HARTFORD FIRE & CAS GRP.pdf,ESG
2022,2022_HCC Life Ins Co.pdf,TMHD
2022,2022_HCI Grp Inc.pdf,Company
2022,2022_HCI Grp Inc_1.pdf,Company
2022,2022_HDI Global Ins Co.pdf,Group
2022,2022_HUMANA GRP.pdf,Task Force
2022,2022_HUMANA GRP_1.pdf,Task Force
2022,2022_HUMANA GRP_10.pdf,Task Force
2022,2022_HUMANA GRP_11.pdf,Task Force
2022,2022_HUMANA GRP_12.pdf,Task Force
2022,2022_HUMANA GRP_13.pdf,Task Force
2022,2022_HUMANA GRP_14.pdf,Task Force
2022,2022_HUMANA GRP_15.pdf,Task Force
2022,2022_HUMANA GRP_16.pdf,Task Force
2022,2022_HUMANA GRP_17.pdf,Task Force
2022,2022_HUMANA GRP_18.pdf,Task Force
2022,2022_HUMANA GRP_19.pdf,Task Force
2022,2022_HUMANA GRP_2.pdf,Task Force
2022,2022_HUMANA GRP_20.pdf,Task Force
2022,2022_HUMANA GRP_21.pdf,Task Force
2022,2022_HUMANA GRP_22.pdf,Task Force
2022,2022_HUMANA GRP_23.pdf,Task Force
2022,2022_HUMANA GRP_24.pdf,Task Force
2022,2022_HUMANA GRP_25.pdf,Task Force
2022,2022_HUMANA GRP_26.pdf,Task Force
2022,2022_HUMANA GRP_3.pdf,Task Force
2022,2022_HUMANA GRP_4.pdf,Task Force
2022,2022_HUMANA GRP_5.pdf,Task Force
2022,2022_HUMANA GRP_6.pdf,Task Force
2022,2022_HUMANA GRP_7.pdf,Task Force
2022,2022_HUMANA GRP_8.pdf,Task Force
2022,2022_HUMANA GRP_9.pdf,Task Force
2022,2022_Hastings Mut Ins Co.pdf,Company
2022,2022_Hawaii Mgmt Alliance Assn.pdf,HMAA
2022,2022_Health New England Inc.pdf,Health New England
2022,2022_Henry Ford Hlth System Grp.pdf,HAP
2022,2022_Henry Ford Hlth System Grp_1.pdf,HAP
2022,2022_Highmark Inc.pdf,Highmark Health
2022,2022_Highmark Inc_1.pdf,Highmark Health
2022,2022_Hudson Excess Insurance Company.pdf,ESG
2022,2022_Hudson Insurance Company.pdf,ESG
2022,2022_IAT Insurance Group.pdf,IAT
2023,"2023_ AllCare Health Plan, Inc.pdf",AllCare
2023,2023_ Ameriprise Fin Grp.pdf,RiverSource
2023,2023_ Ameritas Mut Holding GRP.pdf,ESG
2023,2023_ Anchor Ins Holdings Grp.pdf,NAIC 40010
2023,2023_ Apollo Global Mgmt Grp.pdf,Apollo
2023,2023_ Arch Ins Grp.pdf,ESG
2023,2023_ Ascot Ins US Grp.pdf,Ascot
2023,2023_ Ascot Ins US Grp_1.pdf,Ascot
2023,2023_ AssuranceAmerica Corp Grp.pdf,Company
2023,2023_ BANKERS INS GRP.pdf,First Community
2023,2023_ BCBS OF MI GRP.pdf,AF Group
2023,2023_ Brookfield Reins Ltd Grp.pdf,Company
2023,2023_ CAREFIRST INC GRP.pdf,CareFirst
2023,2023_ CATIC FIN Grp.pdf,the board and/or committee
2023,2023_ CDPHP Inc Grp.pdf,ERM
2023,2023_ CENTENE CORP GRP.pdf,CDP
2023,2023_ CENTRAL MUT INS CO GRP.pdf,Y/N
2023,2023_ CNA INS GRP.pdf,CNA
2023,2023_ CNO Financial Grp.pdf,CNO
2023,2023_ COLUMBIA INS GRP.pdf,Board
2023,2023_ California Casualty Indemnity Exchange and Affiliated Companies.pdf,Y/N
2023,2023_ California Casualty Indemnity Exchange and Affiliated Companies_1.pdf,Y/N
2023,2023_ California Casualty Indemnity Exchange and Affiliated Companies_2.pdf,Y/N
2023,2023_ California Casualty Indemnity Exchange and Affiliated Companies_3.pdf,Y/N
2023,2023_ California Casualty Indemnity Exchange and Affiliated Companies_4.pdf,Y/N
2023,2023_ Cambia Health Solutions Inc.pdf,TCFD
2023,2023_ Chubb Ltd Grp.pdf,Chubb
2023,2023_ Coaction Global Inc GRP.pdf,Company
2023,2023_ Coaction Global Inc GRP_1.pdf,Company
2023,2023_ Coaction Global Inc GRP_2.pdf,Company
2023,2023_ Constellation Ins Holdings Grp.pdf,Constellation Insurance
2023,2023_ Core Specialty Ins Holdings Grp.pdf,Company
2023,2023_ Country Ins & Fin Serv Grp.pdf,Company
2023,2023_ Coverys Grp.pdf,the board and/or committee
2023,2023_ DOCTORS CO GRP.pdf,Group
2023,2023_ DONEGAL GRP.pdf,the board and/or committee
2023,2023_ Dai-ichi Life Holdings Inc Grp.pdf,Protective
2023,2023_ Dentegra Grp.pdf,Delta Dental
2023,2023_ Devoted Hlth Grp.pdf,Devoted
2023,2023_ Devoted Hlth Grp_1.pdf,Devoted
2023,2023_ Devoted Hlth Grp_2.pdf,Devoted
2023,2023_ EMC INS CO GRP.pdf,EMC
2023,2023_ EMC INS CO GRP_1.pdf,EMC
2023,2023_ EMC INS CO GRP_2.pdf,EMC
2023,2023_ ERIE INS GRP.pdf,ERIE
2023,2023_ Emblem Hlth Grp.pdf,Y/N
2023,2023_ Emblem Hlth Grp_1.pdf,Y/N
2023,2023_ Emblem Hlth Grp_2.pdf,Y/N
2023,2023_ Employers Holdings Grp.pdf,Company
2023,2023_ Encova Mut Ins Grp.pdf,the board and/or committee
2023,2023_ Equitable Holdings Inc Grp.pdf,Equitable
2023,2023_ Everlake Holdings Grp.pdf,Y/N
2023,2023_ FINANCIAL HOLDINGS GRP.pdf,Company
2023,2023_ FIRST AMER TITLE GRP.pdf,First American
2023,2023_ FIRST AMER TITLE GRP_1.pdf,First American
2023,2023_ Fidelity Natl Fin Inc GRP.pdf,FNF
2023,2023_ Frontline Ins Grp.pdf,Board
2023,2023_ Frontline Ins Grp_2.pdf,Board
2023,2023_ GEISINGER INS GRP.pdf,Y/N
2023,2023_ GRAY INS GRP.pdf,the board and/or committee
2023,2023_ GREATER NY GRP.pdf,Company
2023,2023_ GREATER NY GRP_1.pdf,Company
2023,2023_ GRINNELL MUT GRP.pdf,ERM
2023,2023_ GUARDIAN LIFE GRP.pdf,Guardian
2023,2023_ GeoVera Holdings Inc Grp.pdf,the board and/or committee
2023,2023_ Global Atlantic Grp.pdf,Global Atlantic
2023,2023_ Guidewell Mut Holding Grp.pdf,TSM
2023,2023_ HARTFORD FIRE & CAS GRP.pdf,Company
2023,2023_ HCSC GRP.pdf,HCSC
2023,2023_ HORACE MANN GRP.pdf,Company
2023,2023_ HUMANA GRP.pdf,Humana
2023,2023_ Healthfirst Inc Grp.pdf,ERM
2023,2023_ Henry Ford Hlth System Grp.pdf,HAP
2023,2023_ Henry Ford Hlth System Grp_1.pdf,HAP
2023,2023_ INDUSTRIAL ALLIANCE GRP.pdf,Financial Group
2023,2023_ IOWA FARM BUREAU GRP.pdf,Company
2023,2023_ IOWA FARM BUREAU GRP_1.pdf,Company
2023,2023_ IOWA FARM BUREAU GRP_2.pdf,Company
2023,2023_ Independent Hlth Assn Grp.pdf,IHA
2023,2023_ Independent Hlth Assn Grp_1.pdf,Independent Health
2023,2023_ Intact Financial Grp.pdf,Intact
2023,2023_ Intact Financial Grp_1.pdf,Intact
2023,2023_ JACKSON NATL GRP.pdf,PPM
2023,2023_ James River Grp.pdf,Group
2023,2023_ James River Grp_1.pdf,Group
2023,2023_ Kemper Corp Grp.pdf,Kemper
2023,2023_ Kuvare Grp.pdf,Kuvare
2023,2023_ LIBERTY MUT GRP.pdf,ERM
2023,2023_ LIBERTY MUT GRP_1.pdf,ERM
2023,2023_ Lemonade Inc Grp.pdf,the Lemonade Group
2023,2023_ Liberty Life Grp Trust Grp.pdf,the board and/or committee
2023,2023_ Lumeris Grp Holdings Corp Grp .pdf,EHI
2023,2023_ Lumeris Grp Holdings Corp Grp _1.pdf,EHI
2023,2023_ MAG MUT INS GRP.pdf,MAG Mutual
2023,2023_ MAPFRE INS GRP.pdf,MAPFRE
2023,2023_ MASS MUT LIFE INS GRP.pdf,MassMutual
2023,2023_ MEDICAL CARD SYSTEM INC GRP.pdf,Medical Card System
2023,2023_ MEDICAL MUT OF OH GRP.pdf,Y/N
2023,2023_ MERCHANTS MUT GRP.pdf,Company
2023,2023_ MERCURY GEN GRP.pdf,Company
2023,2023_ MICHIGAN FARM BUREAU GRP.pdf,ERM
2023,2023_ MICHIGAN FARM BUREAU GRP_1.pdf,ERM
2023,2023_ MICHIGAN FARM BUREAU GRP_2.pdf,ERM
2023,2023_ MINNESOTA MUT GRP.pdf,ERM
2023,2023_ MUTUAL OF OMAHA GRP.pdf,ESG
2023,2023_ Manhattan Life Grp.pdf,the board and/or committee
2023,2023_ Manhattan Life Grp_1.pdf,the board and/or committee
2023,2023_ Manhattan Life Grp_2.pdf,the board and/or committee
2023,2023_ Manhattan Life Grp_3.pdf,the board and/or committee
2023,2023_ Medica Grp.pdf,the board and/or committee
2023,2023_ Merchants Bonding Co Grp.pdf,Company
2023,2023_ Munich Re Grp.pdf,Group
2023,2023_ NEW ERA LIFE GRP.pdf,New Era Life Group
2023,2023_ NEW YORK LIFE GRP.pdf,New York Life
2023,2023_ NORTHWESTERN MUT GRP.pdf,Company
2023,2023_ NYCM Ins Grp.pdf,Company
2023,2023_ OHIO MUT GRP.pdf,Y/N
2023,2023_ OLD REPUBLIC GRP.pdf,Insurer
2023,2023_ OLD REPUBLIC GRP_1.pdf,Insurer
2023,2023_ OneAmerica Fin Partners Grp.pdf,OneAmerica Financial
2023,2023_ OneAmerica Fin Partners Grp_1.pdf,OneAmerica Financial
2023,2023_ OneMain Holdings Inc Grp.pdf,the board and/or committee
2023,2023_ OneMain Holdings Inc Grp_1.pdf,the board and/or committee
2023,2023_ PEKIN INS GRP.pdf,the board and/or committee
2023,2023_ PEKIN INS GRP_1.pdf,the board and/or committee
2023,2023_ PENN MUT GRP.pdf,Board
2023,2023_ PENNSYLVANIA NATL INS GRP.pdf,Company
2023,2023_ PHYSICIANS MUT GRP.pdf,Y/N
2023,2023_ PREMERA BLUE CROSS GRP.pdf,PBC
2023,2023_ PRINCIPAL FIN GRP.pdf,ge
2023,2023_ PRINCIPAL FIN GRP_1.pdf,ge
2023,2023_ PROGRESSIVE GRP.pdf,Progressive
2023,2023_ PacificSource Hlth Plan Grp.pdf,PacificSource
2023,2023_ PacificSource Hlth Plan Grp_1.pdf,PacificSource
2023,2023_ Point32Health Inc Grp.pdf,ERM
2023,2023_ Point32Health Inc Grp_1.pdf,ERM
2023,2023_ Point32Health Inc Grp_2.pdf,ERM
2023,2023_ Point32Health Inc Grp_3.pdf,ERM
2023,2023_ Point32Health Inc Grp_4.pdf,ERM
2023,2023_ Point32Health Inc Grp_5.pdf,ERM
2023,2023_ Presbyterian Hlthcare Serv Grp.pdf,the board and/or committee
2023,2023_ Presbyterian Hlthcare Serv Grp_1.pdf,the board and/or committee
2023,2023_ Primerica Grp.pdf,Company
2023,2023_ Primerica Grp_1.pdf,Company
2023,2023_ ProMedica Hlth System Grp.pdf,Y/N
2023,2023_ Prosperity Life Ins Grp.pdf,NAIC Group
2023,2023_ QBE INS GRP.pdf,QBE
2023,2023_ QUINCY MUT GRP.pdf,Quincy Mutual Group
2023,2023_ RGA Inc Grp.pdf,RGA
2023,2023_ RLI INS GRP.pdf,Company
2023,2023_ SAFETY GRP .pdf,Safety
2023,2023_ SHELTER INS GRP.pdf,Shelter
2023,2023_ SHELTER INS GRP_1.pdf,Shelter
2023,2023_ STATE FARM GRP.pdf,State Farm
2023,2023_ Samaritan Hlth Serv Grp.pdf,IHN
2023,2023_ Secura Ins Grp.pdf,SECURA
2023,2023_ Service Ins Holdings Grp.pdf,the board and/or committee
2023,2023_ Skyward Specialty Ins Grp Inc Grp.pdf,ELT
2023,2023_ Sompo Grp.pdf,Group
2023,2023_ Sun Life Financial Inc Grp.pdf,Sun Life
2023,2023_ TIAA FAMILY GRP.pdf,TIAA
2023,2023_ The Hanover Ins Grp.pdf,Hanover
2023,2023_ The Hanover Ins Grp_1.pdf,Hanover
2023,2023_ Tiptree Fin Grp.pdf,Company
2023,2023_ Tokio Marine Holdings Inc GRP.pdf,TMHD
2023,2023_ Travelers Grp.pdf,Travelers
2023,2023_ Trustmark Mut Holding Co GRP.pdf,Trustmark
2023,2023_ Trustmark Mut Holding Co GRP_1.pdf,Trustmark
2023,2023_ UNITEDHEALTH GRP.pdf,2023 Sustainability Report
2023,2023_ UNUM GRP.pdf,ERM
2023,2023_ University Hlth Care & Gundersen Lutheran Grp.pdf,Quartz
2023,2023_ VERMONT MUT GRP.pdf,Company
2023,2023_ VISION SERV PLAN GRP.pdf,GHG
2023,2023_ Vault Holdings Grp.pdf,Vault Holdings Group
2023,2023_ WCF Mut Ins Co Grp.pdf,Company
2023,2023_ WEST SOUTHERN GRP.pdf,Company
2023,2023_ WR Berkley Corp GRP.pdf,NAIC No.
2023,2023_ WR Berkley Corp GRP_1.pdf,NAIC No.
2023,2023_ WT Holdings Grp.pdf,Company
2023,2023_ ZURICH INS GRP.pdf,Group
2023,2023_ ZURICH INS GRP_1.pdf,Group
2023,2023_0242.pdf,ERM
2023,2023_0483.pdf,the board and/or committee
2023,2023_0588.pdf,Company
2023,2023_4792.pdf,Company
2023,2023_4792_1.pdf,Company
2023,2023_4851.pdf,Church Mutual
2023,2023_4890.pdf,Company
2023,2023_4992.pdf,RLUS
2023,2023_5 Star Life Ins Co.pdf,Company
2023,2023_AAA Life Ins Co.pdf,AAA Life
2023,2023_AIG.pdf,AIG
2023,2023_AIG_1.pdf,AIG
2023,2023_ARAG Insurance Company.pdf,Risk Committee
2023,2023_ARCH Mortgage Ins Co.pdf,ESG
2023,2023_ARI Ins Co.pdf,Company
2023,2023_Accelerant.pdf,Company
2023,2023_Accredited Surety & Cas Co Inc.pdf,Group
2023,2023_Acuity A Mut Ins Co.pdf,Company
2023,2023_Aegis Security Ins Co.pdf,Company
2019,2019 Insurer Climate Risk Survey Response - Final.pdf.pdf,ERM
2019,2019 TCFD Report.pdf.pdf,Group
2019,2019-AIG climate-related-financial-disclosure-report.pdf.pdf,AIG
2019,Allianz CRFD 2019.pdf.pdf,ALLIANZ
2019,Climate Change Survey - 2019 SBLI USA NAIC FINAL.pdf.pdf,ESG
2019,FY19 TCFD.pdf.pdf,QBE
2019,TCFD 2019-2020 for NAIC Climate Risk Disclosure Survey CA submission.pdf.pdf,Climate
2019,TCFD Report.pdf.pdf,Assurant
2019,Travelers_TCFDReport2019.pdf.pdf,Travelers
2020,00 - 2020-2021_ClimateWise Report_Argo_8.4.21_FINAL.pdf.pdf,Argo Group
2020,2020 Climate Risk Survey_IHG 0936 Group Filing.pdf.pdf,Company
2020,2020 TCFD Report Final.pdf.pdf,ESG
2020,2020 TCFD Report.pdf.pdf,Group
2020,2020 Talanx TCFD Report.pdf.pdf,Group
2020,2020_TCFD report Swiss Re.pdf.pdf,Climate
2020,2021 Climate Report FINAL.pdf.pdf,ESG
2020,AIC CLIMATE RISK DISCLOSURE SURVEY 082021 Final.pdf.pdf,AIC
2020,Allianz Climate Related Financial Disclosure 2020.pdf.pdf,Allianz
2020,Allianz_Group_Sustainability_Report_2020-web.pdf.pdf,Allianz
2020,Allstate TCFD_2020.pdf.pdf,Allstate
2020,Arch-2020-TCFD.pdf.pdf,ESG
2020,CEN_757300_TCFDReporting_Round10_WEB.pdf.pdf,Centene
2020,CNO_2020_TCFD_with CSR and Inv Policy.pdf.pdf,CNO
2020,FY20 TCFD - final.pdf.pdf,QBE
2020,Liberty Mutual 2020 task-force-climate-financial-disclosures.pdf.pdf,ESG
2020,MAPFRE Insurance TCFD Report.pdf.pdf,MAPFRE
2020,Munich Re Group Climate Report 2020.pdf.pdf,ESG
2020,PLIC NAIC 61271 TCFD Report 2020.pdf.pdf,Principal Real Estate Investors
2020,PLMR TCFD Report 8-24-2021 v2.pdf.pdf,ESG Matters
2020,PNLIC NAIC 71161 TCFD Report 2020.pdf.pdf,Principal Real Estate Investors
2020,QUESTIONS-AND-GUIDELINES-CLIMATE-RISK-SURVEY-REPORTING-YEAR-2020_MPrevis-Final.pdf.pdf,ERM
2020,Sun Life 2020 Annual Report (incl TCFD disclosures).pdf.pdf,Company
2020,Sustainability-Report_TCFD-Index Prudential.pdf.pdf,Prudential
2020,Symetra 2020 TCFD Report.pdf.pdf,Symetra
2020,TCFD TA Updates 7.23.2021 FINAL.pdf.pdf,ESG
2020,TCFD Table - FINAL.pdf.pdf,CDP
2020,TCFD_2021_FINAL.pdf.pdf,ESG
2020,Talcott Resolution Climate Risk Survey (Reporting Year 2020) - TL.pdf.pdf,ERM
2020,Talcott Resolution Climate Risk Survey (Reporting Year 2020) - TLA.pdf.pdf,ERM
2020,Task Force on Climate-related Financial Disclosure – Cigna Corporate Responsibility Report _ Cigna.pdf.pdf,PDF
2020,Task Force on Climate-related Financial Disclosure – Cigna Corporate.pdf.pdf,PDF
2020,Travelers TCFD Report 2020.pdf.pdf,Travelers
2020,aig- TCFD -environmental-social-and-governance-report_2020.pdf.pdf,AIG
2021,2021 ACG ESG Report.pdf.pdf,ACG
2021,2021 American Memorial Life Insurance Company_TCFD.pdf.pdf,Company
2021,2021 BLIC Corporate Sustainability Report.pdf.pdf,Financial Security
2021,2021 BLNY Climate Risk Survey Response.pdf.pdf,ESG
2021,2021 CMFG Life Insurance Company_TCFD.pdf.pdf,Company
2021,2021 CUMIS Insurance Society Inc._TCFD.pdf.pdf,Company
2021,2021 Church Mutual TCFD .pdf.pdf,Church Mutual
2021,2021 Climate Risk Survey_IHG 0936 Group Filing.pdf.pdf,vrs
2021,2021 ISMIE Indemnity Closed-ended Voluntary Questions.pdf.pdf,Y/N
2021,2021 ISMIE Mutual Insurance Company Closed-ended Voluntary Questions.pdf.pdf,Y/N
2021,2021 MEMBERS Life Insurance Company_TCFD.pdf.pdf,Company
2021,2021 Union Security Insurance Company_TCFD.pdf.pdf,Company
2021,2021_0088-The Hanover Insurance Group_TCFD.pdf.pdf,Hanover
2021,2021_AMCO Insurance Company_TCFD.pdf.pdf,Nationwide
2021,2021_AXA XL_TCFD.pdf.pdf,AXA
2021,2021_AllianzInsuranceGroup_TCFD.pdf.pdf,Allianz
2021,2021_Allied Insurance Company of America_TCFD.pdf.pdf,Nationwide
2021,2021_Allied Property & Casualty Insurance Company_TCFD.pdf.pdf,Nationwide
2021,2021_American Agri-Business Insurance Company_TCFD.pdf.pdf,Group
2021,2021_Assurity-Life_TCFD.pdf.pdf,Assurity
2021,2021_Beazley Group_TCFD.pdf.pdf,Beazley
2021,2021_Blue Shield of CA Life and Health Insurance Company_TCFD.pdf.pdf.pdf,TCFD
2021,2021_COUNTRY Financial_TCFD.pdf.pdf,Company
2021,2021_Chesapeake Employers' Insurance Company_TCFD.pdf.pdf,Y/N
2021,2021_Cigna_TCFD.pdf.pdf,COVID-19
2021,2021_Colonial County Mutual Insurance Company_TCFD.pdf.pdf,Nationwide
2021,2021_Crestbrook Insurance Company_TCFD.pdf.pdf,Nationwide
2021,2021_Depositors Insurance Company_TCFD.pdf.pdf,Nationwide
2021,"2021_Eagle Captive Reinsurance, LLC_TCFD.pdf.pdf",Nationwide
2021,2021_Endurance American Insurance Company_TCFD.pdf.pdf,Group
2021,2021_Endurance Assurance Corporation_TCFD.pdf.pdf,Group
2021,2021_Endurance Risk Solutions Assurance Co._TCFD.pdf.pdf,Group
2021,2021_Factory Mutual Insurance Company_TCFD.pdf.pdf,ESG
2021,2021_Freedom Specialty Insurance Company_TCFD.pdf.pdf,Nationwide
2021,2021_GBU Financial Life_TCFD.pdf.pdf,Y/N
2021,2021_General Casualty Company of Wisconsin_TCFD.pdf.pdf,ESG
2021,2021_Genworth_TCFD.pdf.pdf,ESG
2021,2021_Globe Life_TCFD.pdf.pdf,Company
2021,2021_GrangeInsuranceCo_Survey.pdf.pdf,Grange
2021,2021_Great Midwest Insurance Company_TCFD.pdf.pdf.pdf,ERM Committee
2021,2021_Great-American-Insurance-Company_TCFD.pdf.pdf,AFG
2021,2021_HDIGlobalInsuranceCompany_TCFD_SustainabilityReport.pdf.pdf,Group
2021,2021_HarcoNationalInsuranceCompany_TCFD.pdf.pdf,IAT
2021,2021_Harleysville Insurance Company of New Jersey_TCFD.pdf.pdf,Nationwide
2021,2021_Harleysville Insurance Company_TCFD.pdf.pdf,Nationwide
2021,2021_Harleysville Preferred Insurance Company_TCFD.pdf.pdf,Nationwide
2021,2021_Harleysville Worcester Insurance Company_TCFD.pdf.pdf,Nationwide
2021,2021_Houston Specialty Insurance Company_TCFD.pdf.pdf.pdf,ERM Committee
2021,2021_Humana_TCFD.pdf.pdf,Humana
2021,2021_ICWGroup_TCFD.pdf.pdf,ICW Group
2021,2021_Imperium Insurance Company_TCFD.pdf.pdf.pdf,ERM Committee
2021,2021_Interinsurance Exchange of the Automobile Club_TCFD.pdf.pdf,ACE
2021,2021_Jackson-National-Life-Insurance Company_TCFD.pdf.pdf,ESG
2021,2021_Jefferson National Life Insurance Company of New York_TCFD.pdf.pdf,Nationwide
2021,2021_Jefferson National Life Insurance Company_TCFD.pdf.pdf,Nationwide
2021,2021_John Hancock_TCFD.pdf..pdf.pdf,ESG
2021,2021_Lexon Insurance Company_TCFD.pdf.pdf,Group
2021,2021_Liberty Mutual Group_TCFD.pdf.pdf,ESG
2021,2021_MAPFRE-Insruance-Group_TCFD.pdf.pdf,MAPFRE
2021,2021_MercuryInsuranceGroup_TCFD.pdf.pdf,Company
2021,2021_Minnesota Life Insurance Company_TCFD.pdf.pdf,Company
2021,2021_Monitor-Life-Insurance-Company-of-NY_TCFD.pdf.pdf,Company
2021,2021_Mortgage Guaranty Insurance Corporation_TCFD.pdf.pdf,ESG
2021,2021_MunichRe_TCFD.pdf.pdf,ESG
2021,2021_NAU Country Insurance Company_TCFD.pdf.pdf,ESG
2021,2021_NELICO Sustainability Report.pdf.pdf,Financial Security
2021,2021_National Casualty Company_TCFD.pdf.pdf,Nationwide
2021,2021_Nationwide Affinity Insurance Company of America_TCFD.pdf.pdf,Nationwide
2021,2021_Nationwide Agribusiness Insurance Company_TCFD.pdf.pdf,Nationwide
2021,2021_Nationwide Assurance Company_TCFD.pdf.pdf,Nationwide
2021,2021_Nationwide General Insurance Company_TCFD.pdf.pdf,Nationwide
2021,2021_Nationwide Indemnity Company_TCFD.pdf.pdf,Nationwide
2021,2021_Nationwide Insurance Company of America_TCFD.pdf.pdf,Nationwide
2021,2021_Nationwide Life Insurance Company_TCFD.pdf.pdf,Nationwide
2021,2021_Nationwide Life and Annuity Insurance Company_TCFD.pdf.pdf,Nationwide
2021,2021_Nationwide Mutual Fire Insurance Company_TCFD.pdf.pdf,Nationwide
2021,2021_Nationwide Mutual Insurance Company_TCFD.pdf.pdf,Nationwide
2021,2021_Nationwide Property & Casualty Insurance Company_TCFD.pdf.pdf,Nationwide
2021,2021_New York Life_TCFD.pdf.pdf,ESG
2021,2021_NorthwesternMutual_TCFD.pdf.pdf,Company
2021,2021_OccidentalFire&CasualtyCompanyofNC_TCFD.pdf.pdf,IAT
2021,2021_Oklahoma Specialty Insurance Company_TCFD.pdf.pdf.pdf,ERM Committee
2021,"2021_Olentangy Reinsurance, LLC_TCFD.pdf.pdf",Nationwide
2021,2021_Praetorian Insurance Company_TCFD.pdf.pdf,ESG
2021,2021_Prudential_TCFD.pdf.pdf,Prudential
2021,2021_QBE Insurance Corporation_TCFD.pdf.pdf,ESG
2021,2021_QBE Specialty Insurance Company_TCFD.pdf.pdf,ESG
2021,2021_Radian Group Inc_TCFD.pdf.pdf.pdf,ESG
2021,2021_Regent Insurance Company_TCFD.pdf.pdf,ESG
2021,2021_SafePortInsuranceCompany_TCFD.pdf.pdf,IAT
2021,2021_Scottsdale Indemnity Company_TCFD.pdf.pdf,Nationwide
2021,2021_Scottsdale Insurance Company_TCFD.pdf.pdf,Nationwide
2021,2021_Securian Casualty Company_TCFD.pdf.pdf,Company
2021,2021_Securian Life Insurance Company_TCFD.pdf.pdf,Company
2021,2021_SecurityBenefitLifeInsuranceCompany_TCFD.pdf.pdf,ESG
2021,2021_Selective Insurance Company of America_TCFD.pdf.pdf,ERM
2021,2021_Selective Insurance Company of New England_TCFD.pdf.pdf,ERM
2021,2021_Selective Insurance Company of New York_TCFD.pdf.pdf,ERM
2021,2021_Selective Insurance Company of South Carolina.pdf.pdf,ERM
2021,2021_Selective Insurance Company of the Southeast_TCFD.pdf.pdf,ERM
2021,2021_Selective Way Insurance Company_TCFD.pdf.pdf,ERM
2021,2021_Sentry Insurance Company_TCFD.pdf.pdf,Sentry
2021,2021_Sompo America Insurance Company_TCFD.pdf.pdf,Group
2021,2021_State Farm Mutual Automobile Insurance Company_TCFD.pdf.pdf,State Farm
2021,2021_State-Farm_TCFD.pdf.pdf.pdf,State Farm
2021,2021_Sun-Life_TCFD.pdf.pdf,Company
2021,2021_SwissRe_TCFD.pdf.pdf,Climate
2021,2021_Symetra-Life_TCFD.pdf.pdf,Symetra
2021,2021_Toyota_NAER.pdf.pdf,Toyota
2021,2021_TransGuardInsuranceCompanyofAmerica_TCFD.pdf.pdf,IAT
2021,2021_Transamerica_TCFD.pdf.pdf.pdf,GHG
2021,2021_Travelers_TCFD.pdf.pdf,Travelers
2021,2021_UnitedHealth Group_TCFD.pdf.pdf,Sustainability Report
2021,2021_UnumGroup_TCFD_ Report.pdf.pdf,Unum
2021,2021_Vermont Mutual Insurance Company_TCFD.pdf.pdf,Company
2021,2021_Veterinary Pet Insurance Company_TCFD.pdf.pdf,Nationwide
2021,2021_Victoria Select Insurance Company_TCFD.pdf.pdf,Nationwide
2021,2021_Voya Financial NAIC Group 0229_Insurer Climate Risk Discosure Survey Responses.pdf.pdf,ESG
2021,2021_Westfield_TCFD.pdf.pdf,ERM
2021,2021_WilshireInsuranceCompany_TCFD.pdf.pdf,IAT
2021,2021_ZAIC_TCFD.pdf.pdf,Group
2021,2022 Amerisure TCFD Report FINAL.pdf.pdf,ERM
2021,2022 Climate Risk Disclosure Survey 111422.pdf.pdf,Y/N
2021,2022 Climate Risk Disclosure Survey submission 10-28-22.pdf.pdf,Company
2021,2022 Climate Risk Disclosure Survey.pdf.pdf,Y/N
2021,2022 Climate Risk Survey Response - FINAL submission version 11.29.22.pdf.pdf,WRBC
2021,2022 PLIC NAIC61271 TCFD.pdf.pdf,Principal
2021,2022 PNLIC NAIC71161 TCFD.pdf.pdf,Principal
2021,2022 TCFD Companion Life.pdf.pdf,CLCA
2021,2022-Assurant- ESG TCFD.pdf.pdf,Assurant
2021,20221122.Climate Risk Disclosure Survey NAIC 13695.pdf.pdf,Y/N
2021,2022ClimateRiskSurvey_Amica.pdf.pdf,Company
2021,2022_AXIS Insurance Company_TCFD.pdf.pdf,AXIS
2021,2022_AcceptaceIndemnityInsuranceCompany_TCFD.pdf.pdf,IAT
2021,2022_Acuity A Mutual Insurance Company_TCFD.pdf.pdf.pdf,Company
2021,2022_Aflac_TCFD.pdf.pdf,Company
2021,2022_Allstate_TCFD.pdf.pdf,Allstate
2021,2022_American Family Insurance Group(NAIC Group 0473)_TCFD.pdf.pdf,American Family Enterprise
2021,2022_American Interstate Insurance Company_TCFD.pdf.pdf,AMERISAFE
2021,2022_Argo Group International Holdings Ltd_TCFD.pdf.pdf,ESG
2021,2022_CNO Financial Group_TCFD.pdf.pdf,CNO
2021,2022_CSAA-INSURANCE-EXCHANGE_TCFD.pdf.pdf,CSAA IG
2021,2022_CVS-Health-Corporation_TCFD.pdf.pdf,Company
2021,2022_Centene Corporation_TCFD.pdf.pdf,Company
2021,2022_Chubb_TCFD.pdf.pdf,Chubb
2021,2022_Employers Insurance Group_TCFD.pdf.pdf,Company
2021,2022_Family-Life-Insurance-Company_TCFD.pdf.pdf,NAIC Climate Risk Disclosure Survey 2022
2021,2022_First Penn-Pacific Life Insurance Company_TCFD.pdf.pdf,Lincoln
2021,2022_Golden-Bear-Insurance-Company_TCFD.pdf.pdf,Company
2021,2022_Guardian Life Insurace Company of America_TCFD.pdf.pdf,Guardian
2021,2022_Manhattan-Life-Insurance-Company_TCFD.pdf.pdf,NAIC Climate Risk Disclosure Survey 2022
2021,2022_ManhattanLife-Insurance-and-Annuity-Company_TCFD.pdf.pdf,NAIC Climate Risk Disclosure Survey 2022
2021,2022_Modern-Woodmen-of-America_TCFD.pdf.pdf,Modern Woodmen
2021,2022_MutualofOmaha_TCFD.pdf.pdf,ESG
2021,2022_NAIC_ClimateRiskDisclosureSurvey_FINAL_11-21-2022_woYN.pdf.pdf,Carle Health
2021,2022_NYCM-TCFD.pdf.pdf,Company
2021,2022_Oregon-Mutual-Insurance_TCFD.pdf.pdf,TCFD
2023,2023_Granular Insurance Company.pdf,the board and/or committee
2023,2023_Great American Ins Group.pdf,AFG
2023,2023_Greater NY Mut Ins Co.pdf,Company
2023,2023_Guarantee Trust Life Ins Co.pdf,Company
2023,2023_GuideOne Insurance Company.pdf,GuideOne
2023,2023_HDI Global Ins Co.pdf,Group
2023,2023_Hartford Fire Insurance Pool.pdf,Company
2023,2023_Hartford Fire Insurance Pool_1.pdf,Company
2023,2023_Hastings Insurance Company.pdf,Company
2023,2023_Hawaii Employers Mut Ins Co.pdf,the board and/or committee
2023,2023_Hawaii Management Alliance Association.pdf,HMAA
2023,2023_Hawaii Medical Serv Assn.pdf,HMSA
2023,2023_Health New England Inc.pdf,HNE
2023,2023_Health Partners Plans Inc.pdf,the board and/or committee
2023,2023_Health Serv for Children with Specia.pdf,the board and/or committee
2023,2023_HealthPartners Insurance Company.pdf,HealthPartners Insurance Company
2023,2023_Hereford Insurance Company.pdf,Company
2023,2023_High Point Prop & Cas Ins Co.pdf,Company
2023,2023_Highmark Inc..pdf,Highmark Health
2023,2023_Hiscox Ins Co Inc.pdf,Group
2023,2023_Homeowners of Amer Ins Co.pdf,HOAIC
2023,2023_Homesteaders Life Co.pdf,Company
2023,2023_Hometown Hlth.pdf,the board and/or committee
2023,2023_Horizon.pdf,Company
2023,2023_Horizon_1.pdf,Company
2023,2023_Horizon_2.pdf,Company
2023,2023_Horizon_3.pdf,Company
2023,2023_Hudsn Excess Ins Co (Surplus lines).pdf,Hudson
2023,2023_Hudson Ins Co.pdf,Hudson
2023,2023_Hyundai Marine & Fire Ins Co Ltd.pdf,Hyundai Insurance
2023,2023_IAT Insurance Group.pdf,IAT
2023,2023_IFG Co Group.pdf,ERM
2023,2023_IMT Mutual Holding Company.pdf,ERM
2023,2023_ISMIE Group.pdf,ISMIE
2023,2023_ISMIE Group_1.pdf,ISMIE
2023,2023_Ibexis Life & Annuity Insurance Company.pdf,the board and/or committee
2023,2023_Illinois Mutual Life Insurance Company.pdf,Company
2023,2023_Incline Cas Co.pdf,ICC
2023,2023_Indemnity Natl Ins Co.pdf,INIC
2023,2023_Independence Amer Ins Co.pdf,IAIC
2023,"2023_Independence Health Group, Inc. .pdf",Company
2023,2023_Independent Life Ins Co.pdf,IRE
2023,2023_Independent Order Of Foresters Us Br.pdf,ESG
2023,2023_Indiana Farmers Mutual Group.pdf,Company
2023,2023_Indiana Farmers Mutual Group_1.pdf,Company
2023,2023_Insurance Company of the West.pdf,ICW Group
2023,2023_Investors Heritage Life Ins Co.pdf,IHLIC
2023,2023_Investors Preferred Life Ins Co.pdf,Company
2023,2023_Jewelers Mut Grp.pdf,Company
2023,2023_John Hancock Life & Hlth Ins Co.pdf,ESG
2023,2023_John Hancock Life Ins Co USA.pdf,ESG
2023,2023_John Hancock Life Ins Co of NY.pdf,ESG
2023,2023_KAISER FOUND HLTH PLAN INC HI REG.pdf,Kaiser Permanente
2023,2023_KAISER FOUND HLTH PLAN OF GA INC.pdf,Kaiser Permanente
2023,2023_Kaiser Found Hlth Plan Mid Atlanti  .pdf,Kaiser Permanente
2023,2023_Kaiser Found Hlth Plan of CO.pdf,Kaiser Permanente
2023,2023_Kaiser Found Hlth Plan of WA Options.pdf,Kaiser Permanente
2023,2023_Kaiser Found Hlth Plan of the NW.pdf,Kaiser Permanente
2023,2023_Kaiser Foundation Hlth Plan of WA.pdf,Kaiser Permanente
2023,2023_Kaiser Permanente Ins Co.pdf,Kaiser Permanente
2023,2023_Kingstone Insurance Company.pdf,KICO
2023,2023_KnightBrook Insurance Company.pdf,"KnightBrook Insurance Company
NAIC 13722"
2023,2023_Knights Of Columbus.pdf,Society
2023,2023_LIO Holdings Company Group.pdf,the board and/or committee
2023,2023_Life Ins Co Of The Southwest.pdf,NLG
2023,2023_Lincoln Financial Group.pdf,Lincoln
2023,2023_Lincoln Financial Group_1.pdf,Lincoln
2023,2023_Lincoln Heritage Life Ins Co.pdf,LHL
2023,2023_Loya Grp.pdf,Company
2023,2023_M LIFE INSURANCE COMPANY .pdf,M Financial Group
2023,2023_MAPFRE PRAICO CORPORATION.pdf,MAPFRE
2023,2023_MEMIC Casualty Company.pdf,Company
2023,2023_MGA Ins Co Inc.pdf,the board and/or committee
2023,2023_MIC Prop & Cas Ins Corp.pdf,Board
2023,2023_MMG Ins Co.pdf,MMG
2023,2023_MMIC Ins Inc.pdf,MMIC Insurance Inc.
2023,2023_MS Transverse Insurance Company.pdf,Company
2023,2023_MS&AD Insurance Group.pdf,Company
2023,2023_MTAW Insurance Company.pdf,Company
2023,"2023_MVP Health Care, Inc..pdf",Company
2023,2023_Maine Comm Hlth Options.pdf,Community Health Options
2023,2023_Markel .pdf,Y/N
2023,2023_Markel Amer Ins Co.pdf,Y/N
2023,2023_Martin's Point Generations Advantage.pdf,Martin
2023,2023_Mass Gen Brigham Hlth Plan Inc .pdf,MGB
2023,2023_Massachusetts Mutual Life Insurance Company.pdf,MassMutual
2023,2023_Massachusetts Mutual Life Insurance Company_1.pdf,MassMutual
2023,2023_McLaren Health Plan Community.pdf,ERM
2023,2023_McLaren Hlth Plan Inc.pdf,ERM
2023,"2023_MedStar Family Choice, Inc..pdf",MedStar Health
2023,2023_Medical Mut Ins Co Of NC.pdf,the board and/or committee
2023,2023_Medisun Inc.pdf,BCBSAZ
2023,2023_Mendota Ins Co.pdf,Board
2023,2023_MercyCare HMO Inc.pdf,the board and/or committee
2023,2023_Merrimack Mutual Fire Insurance Co & Affiliates.pdf,ERM
2023,"2023_MetLife, Inc. .pdf",MIM
2023,2023_Middlesex Ins Co.pdf,Sentry
2023,2023_Midwest Family Group.pdf,the board and/or committee
2023,2023_Millers Capital Insurance Company.pdf,the board and/or committee
2023,2023_Minnesota Life.pdf,ERM
2023,2023_Modern Woodmen Of Amer.pdf,Modern Woodmen
2023,2023_Molina Healthcare of AZ Inc.pdf,TCFD
2023,2023_Molina Hlthcare of IL Inc.pdf,TCFD
2023,2023_Molina Hlthcare of MI.pdf,TCFD
2023,2023_Molina Hlthcare of NM.pdf,TCFD
2023,2023_Molina Hlthcare of NV Inc.pdf,TCFD
2023,2023_Molina Hlthcare of WA Inc.pdf,TCFD
2023,2023_Molina Hlthcare of WI Inc.pdf,TCFD
2023,2023_Monitor Life Insurance Company of New York.pdf,Company
2023,2023_Mortgage Guaranty Insurance Corporation.pdf,RMC
2023,2023_Motors Insurance Corporation .pdf,Board
2023,2023_Multinational Ins Co.pdf,Multinational Insurance Company
2023,2023_Mutual Benefit Insurance Company.pdf,MBG
2023,2023_NEIL.pdf,NEIL
2023,"2023_NI Holdings, Inc. .pdf",Company
2023,2023_NYSIF.pdf,NYSIF
2023,2023_Narragansett Bay Ins Co.pdf,Company
2023,2023_Nassau Life & Ann Co.pdf,ESG
2023,2023_Nassau Life Ins Co.pdf,ESG
2023,2023_National Amer Ins Co.pdf,Company
2023,2023_National Guardian Life Ins Co.pdf,Company
2023,2023_National Life Ins Co.pdf,NLG
2023,2023_National Mortgage Ins Corp.pdf,Y/N
2023,2023_National Slovak Society Of The Usa.pdf,Y/N
2023,2023_National Specialty Ins Co.pdf,Company
2023,2023_National Summit Insurance Company.pdf,KCC
2023,2023_National Western Life Ins Co.pdf,NWL
2023,2023_Nationwide Corp Group.pdf,Nationwide
2023,2023_Nationwide Corp Group_1.pdf,Nationwide
2023,2023_Nationwide Corp Group_10.pdf,Nationwide
2023,2023_Nationwide Corp Group_11.pdf,Nationwide
2023,2023_Nationwide Corp Group_12.pdf,Nationwide
2023,2023_Nationwide Corp Group_13.pdf,Nationwide
2023,2023_Nationwide Corp Group_14.pdf,Nationwide
2023,2023_Nationwide Corp Group_15.pdf,Nationwide
2023,2023_Nationwide Corp Group_16.pdf,Nationwide
2023,2023_Nationwide Corp Group_17.pdf,Nationwide
2023,2023_Nationwide Corp Group_18.pdf,Nationwide
2023,2023_Nationwide Corp Group_19.pdf,Nationwide
2023,2023_Nationwide Corp Group_2.pdf,Nationwide
2023,2023_Nationwide Corp Group_20.pdf,Nationwide
2023,2023_Nationwide Corp Group_21.pdf,Nationwide
2023,2023_Nationwide Corp Group_22.pdf,Nationwide
2023,2023_Nationwide Corp Group_23.pdf,Nationwide
2023,2023_Nationwide Corp Group_24.pdf,Nationwide
2023,2023_Nationwide Corp Group_3.pdf,Nationwide
2023,2023_Nationwide Corp Group_4.pdf,Nationwide
2023,2023_Nationwide Corp Group_5.pdf,Nationwide
2023,2023_Nationwide Corp Group_6.pdf,Nationwide
2023,2023_Nationwide Corp Group_7.pdf,Nationwide
2023,2023_Nationwide Corp Group_8.pdf,Nationwide
2023,2023_Nationwide Corp Group_9.pdf,Nationwide
2023,"2023_Navigators Group, Inc..pdf",Company
2023,2023_Neighborhood Hlth Plan of RI Inc.pdf,the board and/or committee
2023,2023_New Jersey Manufacturers Ins Co.pdf,NJM
2023,2023_New York Municipal Ins Recip.pdf,Board
2023,2023_New York Schools Ins Recip.pdf,NYSIR
2023,2023_Next Ins US Co.pdf,Company
2023,2023_Nippon Life Insurance Company of America.pdf,ESG
2023,2023_Norfolk & Dedham Mutual Fire Insurance Company.pdf,Company
2023,2023_North American Casualty Co..pdf,Company
2023,2023_North River Ins Co.pdf,Company
2023,2023_North Star Mutual Insurance Company.pdf,ERM
2023,2023_Ocean Harbor Cas Ins Co.pdf,Company
2023,2023_Oceanview Life & Annuity Co.pdf,Company
2023,2023_Ohio Farmers Insurance Company.pdf,ERM
2023,2023_Ohio Ind Co.pdf,Y/N
2023,2023_Ohio Mut Ins Co.pdf,Y/N
2023,2023_Ohio State Life Ins Co.pdf,OSL
2023,2023_Oregon Dental Service Group.pdf,the board and/or committee
2023,2023_Oregon Mut Ins Co.pdf,Oregon Mutual
2023,2023_Oscar Garden State Ins Corp.pdf,Y/N
2023,"2023_Oscar Health Plan, Inc. .pdf",OHI
2023,2023_Oscar Ins Co.pdf,Y/N
2023,2023_Oscar Ins Corp.pdf,Y/N
2023,2023_Oxford Life Insurance Company.pdf,Rk DnB Rssa-Nene Sach
2023,2023_PHL Variable Ins Co.pdf,ESG
2023,2023_PRUDENTIAL OF AMER GRP.pdf,Prudential
2023,2023_Pacific Compensation Insurance Company.pdf,Company
2023,2023_Pacific Guardian Life Ins Co Ltd.pdf,Company
2023,2023_Pacific Life & Ann Co.pdf,Pacific Life
2023,2023_Pacific Life Ins Co.pdf,Pacific Life
2023,2023_Pacific Specialty Ins Co.pdf,PSIC
2023,2023_Palisades Ins Co.pdf,Company
2023,2023_Palisades Prop & Cas Ins Co.pdf,Company
2023,2023_Palisades Safety & Ins Assoc.pdf,Company
2023,2023_Palomar Specialty Ins Company .pdf,TCFD
2023,2023_Pan-American Life Insurance Company.pdf,Y/N
2023,2023_Peak Prop & Cas Ins Corp.pdf,Sentry
2023,2023_Pemco Mut Ins Co.pdf,CAT
2023,2023_Penn Mut Life Ins Co.pdf,Board
2023,2023_Pennsylvania Lumbermens Mut Ins.pdf,the board and/or committee
2023,2023_Pharmacists Mut Ins Co.pdf,PHMIC
2023,2023_Philadelphia Ind Ins Co.pdf,TMHD
2023,2023_Physicians Insurance A Mutual Company.pdf,Company
2023,2023_Pinnacol Assurance.pdf,Pinnacol
2023,2023_Pioneer State Mut Ins Co.pdf,Y/N
2023,2023_Plymouth Rock Assur Corp.pdf,Company
2023,2023_Plymouth Rock Assur Preferred Corp.pdf,Company
2023,2023_Preferred Mutual Insurance Company.pdf,Company
2022,2022_IFG CO GRP.pdf,ERM
2022,2022_INDUSTRIAL ALLIANCE GRP.pdf,Financial Group
2022,2022_ISMIE Group.pdf,ISMIE
2022,2022_ISMIE Group_1.pdf,ISMIE
2022,"2022_Independence Health Group, Inc..pdf",Company
2022,2022_Intact Financial Grp.pdf,GHG
2022,2022_Interins Exch Of The Automobile Club.pdf,ACE
2022,2022_Investors Title Ins Co.pdf,Company
2022,"2022_Jackson Financial, Inc..pdf",PPM
2022,2022_James River Grp.pdf,Group
2022,2022_James River Grp_1.pdf,Group
2022,2022_John Hancock Life & Hlth Ins Co.pdf,ESG
2022,2022_John Hancock Life Ins Co USA.pdf,ESG
2022,2022_John Hancock Life Ins Co of NY.pdf,ESG
2022,2022_Kaiser Foundation Health Plan Inc. HI Reg.pdf,Kaiser Permanente
2022,2022_Kaiser Foundation Health Plan Mid Atlantic           .pdf,Kaiser Permanente
2022,2022_Kaiser Foundation Health Plan of Colorado.pdf,Kaiser Permanente
2022,2022_Kaiser Foundation Health Plan of Washington Options     .pdf,Kaiser Permanente
2022,2022_Kaiser Foundation Health Plan of Washington.pdf,Kaiser Permanente
2022,2022_Kaiser Foundation Health Plan of the NW              .pdf,Kaiser Permanente
2022,2022_Kaiser Permanente Insurance Company (KPIC)    .pdf,Kaiser Permanente
2022,2022_Kemper Corp Grp.pdf,Kemper
2022,2022_KnightBrook Ins Grp.pdf,"Knight Specialty Insurance Company
NAIC 15366"
2022,2022_LIBERTY MUT GRP.pdf,ERM
2022,2022_Lincoln Life & Ann Co of NY.pdf,Lincoln
2022,2022_Lincoln Natl Life Ins Co.pdf,Lincoln
2022,2022_MAPFRE INS GRP.pdf,MAPFRE
2022,2022_MAPFRE PRAICO CORPORATION.pdf,MAPFRE
2022,2022_MEDICAL CARD SYSTEM INC GRP.pdf,Y/N
2022,2022_MERCURY GEN GRP.pdf,Company
2022,2022_MINNESOTA MUT GRP.pdf,Company
2022,2022_MMG Ins Co.pdf,MMG
2022,2022_Medical Mutual of Ohio.pdf,Y/N
2022,2022_Medical Mutual of Ohio_1.pdf,Y/N
2022,2022_Medical Mutual of Ohio_2.pdf,Y/N
2022,2022_Mercury Ind Co of Amer.pdf,Company
2022,2022_Modern Woodmen of America.pdf,The ESG Committee
2022,2022_Molina Hlthcare of IL Inc.pdf,TCFD
2022,2022_Molina Hlthcare of MI.pdf,TCFD
2022,2022_Molina Hlthcare of NM.pdf,TCFD
2022,2022_Molina Hlthcare of NV Inc.pdf,TCFD
2022,2022_Molina Hlthcare of WA Inc.pdf,TCFD
2022,2022_Munich Re Grp.pdf,Group
2022,2022_Mutual of America Life Insurance Company.pdf,Company
2022,2022_Mutual of Omaha Companies.pdf,ESG
2022,2022_NORTHWESTERN MUT GRP.pdf,Company
2022,2022_NYCM Ins Grp.pdf,Company
2022,2022_NYSIF.pdf,NYSIF
2022,2022_National Guardian Life Ins Co.pdf,Company
2022,2022_National Mortgage Ins Corp.pdf,Y/N
2022,2022_National Specialty Ins Co.pdf,Y/N
2022,2022_Nationwide Corp Group.pdf,Nationwide
2022,2022_Nationwide Corp Group_1.pdf,Nationwide
2022,2022_Nationwide Corp Group_10.pdf,Nationwide
2022,2022_Nationwide Corp Group_11.pdf,Nationwide
2022,2022_Nationwide Corp Group_12.pdf,Nationwide
2022,2022_Nationwide Corp Group_13.pdf,Nationwide
2022,2022_Nationwide Corp Group_14.pdf,Nationwide
2022,2022_Nationwide Corp Group_15.pdf,Nationwide
2022,2022_Nationwide Corp Group_16.pdf,Nationwide
2022,2022_Nationwide Corp Group_17.pdf,Nationwide
2022,2022_Nationwide Corp Group_18.pdf,Nationwide
2022,2022_Nationwide Corp Group_19.pdf,Nationwide
2022,2022_Nationwide Corp Group_2.pdf,Nationwide
2022,2022_Nationwide Corp Group_20.pdf,Nationwide
2022,2022_Nationwide Corp Group_21.pdf,Nationwide
2022,2022_Nationwide Corp Group_22.pdf,Nationwide
2022,2022_Nationwide Corp Group_23.pdf,Nationwide
2022,2022_Nationwide Corp Group_24.pdf,Nationwide
2022,2022_Nationwide Corp Group_25.pdf,Nationwide
2022,2022_Nationwide Corp Group_26.pdf,Nationwide
2022,2022_Nationwide Corp Group_3.pdf,Nationwide
2022,2022_Nationwide Corp Group_4.pdf,Nationwide
2022,2022_Nationwide Corp Group_5.pdf,Nationwide
2022,2022_Nationwide Corp Group_6.pdf,Nationwide
2022,2022_Nationwide Corp Group_7.pdf,Nationwide
2022,2022_Nationwide Corp Group_8.pdf,Nationwide
2022,2022_Nationwide Corp Group_9.pdf,Nationwide
2022,"2022_Navigators Group, Inc..pdf",ESG
2022,2022_New York Life.pdf,New York Life
2022,2022_Nippon Life Insurance Comapny of America.pdf,ESG
2022,2022_OREGON DENTAL SERVICE GROUP.pdf,the board and/or committee
2022,2022_Occidental Life Ins Co Of NC.pdf,Financial Group
2022,2022_Oceanview Life & Annuity Co.pdf,TCFD
2022,2022_Ohio Farmers Insurance Company.pdf,ERM
2022,2022_Ohio Natl Life Assur Corp.pdf,TCFD
2022,2022_Old Republic Group of Insurance Companies.pdf,Insurer
2022,2022_Oscar Ins Co.pdf,Y/N
2022,2022_PREMERA BLUE CROSS GRP.pdf,PBC
2022,2022_PRUDENTIAL OF AMER GRP.pdf,Prudential
2022,2022_Palomar Specialty Ins Co.pdf,ESG
2022,2022_Plan de Salud Menonita Inc.pdf,organizacién de
2022,2022_Preferred Mutual Insurance Company.pdf,Company
2022,2022_Primerica Grp.pdf,Company
2022,2022_Primerica Grp_1.pdf,Company
2022,2022_Principal Life Ins Co.pdf,ESG
2022,2022_Principal Natl Life Ins Co.pdf,ESG
2022,2022_Priority Health (HMO).pdf,Corewell Health
2022,"2022_Priority Health Choice, Inc.  .pdf",Corewell Health
2022,2022_Priority Health Insurance Co. (PPO).pdf,Corewell Health
2022,2022_Privilege Underwriters Recp Exch.pdf,TMHD
2022,2022_ProAssurance Corp Grp.pdf,ProAssurance
2022,2022_Producers Agriculture Ins Co.pdf,TMHD
2022,2022_QBE INS GRP.pdf,QBE
2022,2022_QBE INS GRP_1.pdf,QBE
2022,2022_QBE INS GRP_2.pdf,QBE
2022,2022_QBE INS GRP_3.pdf,QBE
2022,2022_QBE INS GRP_4.pdf,QBE
2022,2022_QBE INS GRP_5.pdf,QBE
2022,2022_QBE INS GRP_6.pdf,QBE
2022,2022_QBE INS GRP_7.pdf,QBE
2022,2022_RLI INS GRP.pdf,Company
2022,2022_Radian Guaranty Inc..pdf,ESG
2022,2022_Resolution Life U.S. Holdings Inc..pdf,RLUS
2022,2022_SBL Holdings Group.pdf,ESG
2022,2022_SELECTIVE INS .pdf,ERM
2022,2022_SENTRY INS GRP.pdf,Sentry
2022,2022_SENTRY INS GRP_1.pdf,Sentry
2022,2022_SFM Mutual Insurance Company.pdf,Y/N
2022,2022_SHELTER INS GRP.pdf,Y/N
2022,2022_SILAC Insurance Company.pdf,Company
2022,2022_SOUTHERN FARM BUREAU CAS GRP.pdf,the board and/or committee
2022,2022_STATE FARM GRP.pdf,State Farm
2022,2022_SWISS RE GRP.pdf,Group
2022,2022_Safety Insurance Group.pdf,Safety
2022,2022_Safety Natl Cas Corp.pdf,TMHD
2022,2022_Samsung Fire & Marine Ins Co Ltd.pdf,SFMI
2022,2022_Security Natl Ins Co.pdf,Company
2022,2022_Senior Life Ins Co.pdf,Company
2022,2022_Senior Whole Hlth of NY Inc.pdf,TCFD
2022,2022_Sentruity Casualty Company.pdf,Response
2022,2022_Sequoia Ins Co.pdf,Company
2022,2022_Sompo Grp.pdf,TCFD
2022,2022_Starr Grp.pdf,Company
2022,2022_State Insurance Fund Disability Benefits Fund.pdf,NYSIF
2022,2022_State Natl Ins Co Inc.pdf,Y/N
2022,2022_Stratacor Grp.pdf,Company
2022,2022_Sumitomo Life Insurance Group.pdf,Symetra
2022,2022_Sun Life Financial Inc Grp.pdf,Sun Life
2022,2022_Sutton National Ins Co.pdf,Company
2022,2022_Technology Ins Co Inc.pdf,Company
2022,2022_Texas Life Ins Co.pdf,Company
2022,2022_The Hanover Insurance Group.pdf,The Hanover Insurance Group
2022,2022_The Ohio National Life Insurance Company.pdf,TCFD
2022,"2022_The Travelers Companies, Inc..pdf",Travelers
2022,2022_Thrivent Financial For Lutherans.pdf,Thrivent
2022,2022_Tokio Marine Holdings Inc GRP.pdf,Group
2022,2022_Transverse Insurance Company.pdf,Company
2022,2022_Triangle Insurance Company.pdf,Triangle
2022,2022_Triple S Management.pdf,TSM
2022,2022_Triple S Management_1.pdf,TSM
2022,2022_Triple S Propiedad Inc.pdf,TSM
2022,2022_TruStage.pdf,Company
2022,2022_U.S. Specialty Insurance Company.pdf,TMHD
2022,2022_UNITEDHEALTH GRP.pdf,2022 Sustainability Report
2022,2022_UNITEDHEALTH GRP_1.pdf,2022 Sustainability Report
2022,2022_US Health and Life Insurance Company .pdf,Y/N
2022,2022_USAA Group.pdf,USAA
2022,2022_USAA Group_1.pdf,USAA
2022,"2022_Umpqua Health Alliance, LLC.pdf",UHA
2022,2022_United Automobile Ins Co.pdf,Y/N
2022,"2022_United Educators Insurance, A Reciprocal Risk Retention Group.pdf",TCFD
2022,2022_United Fire & Casualty Company.pdf,UFCC
2022,2022_United Guaranty Residential Insurance Company.pdf,ESG
2022,"2022_Universal Group, Inc..pdf",UGI
2022,2022_University Hlth Care & Gundersen Lutheran Grp.pdf,Quartz
2022,2022_Unum .pdf,Y/N
2022,2022_Unum.pdf,Y/N
2022,2022_Utica First Ins Co.pdf,Utica First
2022,2022_Utica National Insurance Group.pdf,Company
2022,2022_VERMONT MUT GRP.pdf,Company
2022,2022_Vault Holdings Grp.pdf,Vault Holdings Group
2022,2022_Vault Holdings Grp_1.pdf,Vault Holdings Group
2022,2022_Vermont Blue Advantage Inc.pdf,Y/N
2022,"2022_Voya Financial, Inc..pdf",ESG
2022,"2022_Voya Financial, Inc._1.pdf",ESG
2022,2022_WCF Natoinal Insurance Company.pdf,Y/N
2022,2022_WEST SOUTHERN GRP.pdf,Company
2022,2022_Wawanesa Gen Ins Co.pdf,¥
2022,2022_Wesco Ins Co.pdf,Company
2022,2022_West Bend Mut Ins Co.pdf,the Wisconsin Office
2022,2022_Wilcac Life Ins Co.pdf,Company
2022,2022_William Penn Life Ins Co Of NY.pdf,LGA
2022,2022_Wilton Reassur Life Co of NY.pdf,Company
2022,2022_ZURICH INS GRP.pdf,Group
2022,Erie Insurance Group-TCFD Report RY 2022.pdf,ERIE
2023,2023_ ALLIANCE INS GRP.pdf,Alliance Insurance Group
2023,2023_ ALLIANZ INS GRP.pdf,GHG
2023,2023_ ALLSTATE INS GRP.pdf,Allstate
2023,2023_ AMERICAN EUROPEAN GRP.pdf,PML
2023,2023_ AMERICAN EUROPEAN GRP_1.pdf,PML
2023,2023_ AMERICAN FAMILY INS GRP.pdf,AmFam
2023,2023_ AMERISURE CO GRP.pdf,ERM
2023,2023_ AMICA MUT GRP.pdf,ESG
2023,2023_ ARBELLA INS GRP.pdf,Y/N
2023,2023_ AXA INS GRP.pdf,AXA
2023,2023_ AXL Wealth Acquisition Grp.pdf,Company
2023,2023_ AXL Wealth Acquisition Grp_1.pdf,Company
2023,2023_ Aegon US Holding Grp.pdf,Y/N
2023,2023_ Aegon US Holding Grp_1.pdf,Y/N
